account_id,customer_id,account_type,balance
1,334,CHEQUING,37030
2,336,CHEQUING,7687
3,492,CHEQUING,39076
4,199,CHEQUING,30796
5,7,CHEQUING,45205
6,654,CHEQUING,32759
7,13,SAVINGS,42688
8,579,CHEQUING,12000
9,70,SAVINGS,37143
10,726,CHEQUING,31855
11,273,CHEQUING,37912
12,694,SAVINGS,6696
13,541,CHEQUING,12423
14,850,SAVINGS,27862
15,665,SAVINGS,1892
16,281,SAVINGS,25385
17,609,CHEQUING,8360
18,436,SAVINGS,16827
19,85,CHEQUING,26765
20,653,CHEQUING,13437
21,900,CHEQUING,41592
22,404,CHEQUING,33745
23,956,CHEQUING,34895
24,153,CHEQUING,31819
25,711,CHEQUING,45206
26,724,CHEQUING,3909
27,770,SAVINGS,1603
28,245,SAVINGS,13539
29,129,SAVINGS,2311
30,280,CHEQUING,6026
31,690,SAVINGS,7478
32,987,CHEQUING,7014
33,566,SAVINGS,11659
34,196,CHEQUING,3803
35,535,SAVINGS,3225
36,562,SAVINGS,29727
37,51,SAVINGS,32711
38,769,CHEQUING,48347
39,5,CHEQUING,34385
40,482,SAVINGS,274
41,424,SAVINGS,39375
42,726,CHEQUING,16117
43,242,CHEQUING,29185
44,719,CHEQUING,26055
45,865,CHEQUING,1641
46,108,CHEQUING,12671
47,940,SAVINGS,1651
48,571,SAVINGS,3790
49,464,SAVINGS,43070
50,760,CHEQUING,20497
51,929,CHEQUING,3225
52,116,CHEQUING,13226
53,840,CHEQUING,36332
54,416,CHEQUING,40711
55,816,SAVINGS,4659
56,869,CHEQUING,42782
57,304,SAVINGS,10079
58,424,SAVINGS,29376
59,65,SAVINGS,16372
60,764,SAVINGS,31648
61,695,SAVINGS,40048
62,214,CHEQUING,9055
63,536,CHEQUING,6774
64,641,SAVINGS,30009
65,493,SAVINGS,31542
66,103,CHEQUING,46113
67,391,SAVINGS,7877
68,531,CHEQUING,23994
69,858,SAVINGS,39114
70,91,SAVINGS,30613
71,847,CHEQUING,29541
72,256,SAVINGS,3234
73,630,SAVINGS,32855
74,761,SAVINGS,1804
75,884,SAVINGS,45327
76,450,CHEQUING,39351
77,596,SAVINGS,17957
78,701,CHEQUING,11396
79,480,SAVINGS,49226
80,565,CHEQUING,14883
81,21,CHEQUING,43258
82,134,CHEQUING,41720
83,263,CHEQUING,34532
84,427,SAVINGS,17892
85,68,SAVINGS,12972
86,672,CHEQUING,33559
87,397,CHEQUING,48529
88,277,SAVINGS,18325
89,506,SAVINGS,14682
90,100,CHEQUING,42240
91,570,SAVINGS,49475
92,686,CHEQUING,39114
93,266,CHEQUING,47023
94,824,SAVINGS,17309
95,25,CHEQUING,5906
96,243,SAVINGS,25619
97,285,SAVINGS,32749
98,862,CHEQUING,10912
99,440,CHEQUING,9209
100,399,CHEQUING,18571
101,616,SAVINGS,1882
102,23,CHEQUING,4735
103,573,CHEQUING,21136
104,324,SAVINGS,14700
105,198,CHEQUING,17905
106,750,SAVINGS,13104
107,82,SAVINGS,31430
108,10,SAVINGS,14878
109,326,CHEQUING,41562
110,987,CHEQUING,40345
111,422,SAVINGS,16388
112,72,SAVINGS,29364
113,405,SAVINGS,7147
114,81,SAVINGS,16569
115,13,SAVINGS,33742
116,476,SAVINGS,9811
117,808,SAVINGS,48689
118,66,CHEQUING,39980
119,86,CHEQUING,44658
120,897,SAVINGS,21030
121,851,CHEQUING,39288
122,340,CHEQUING,18523
123,803,CHEQUING,24501
124,138,SAVINGS,48140
125,79,CHEQUING,21922
126,423,SAVINGS,9993
127,356,CHEQUING,17764
128,957,CHEQUING,39693
129,81,CHEQUING,34727
130,500,CHEQUING,35164
131,773,SAVINGS,7955
132,308,CHEQUING,19704
133,548,CHEQUING,12144
134,610,SAVINGS,36225
135,737,SAVINGS,24549
136,877,SAVINGS,39416
137,872,CHEQUING,25647
138,422,SAVINGS,10813
139,205,CHEQUING,10062
140,891,CHEQUING,21072
141,476,CHEQUING,25146
142,408,SAVINGS,15132
143,911,CHEQUING,12235
144,556,CHEQUING,8188
145,594,CHEQUING,45796
146,432,SAVINGS,46604
147,435,CHEQUING,48726
148,45,SAVINGS,16191
149,497,CHEQUING,32245
150,713,SAVINGS,25671
151,144,CHEQUING,23244
152,606,SAVINGS,3455
153,311,SAVINGS,32535
154,53,SAVINGS,16692
155,517,CHEQUING,20749
156,258,SAVINGS,38248
157,670,CHEQUING,27503
158,975,SAVINGS,22357
159,917,CHEQUING,29774
160,183,CHEQUING,43498
161,763,SAVINGS,5709
162,700,CHEQUING,13423
163,23,CHEQUING,45596
164,267,CHEQUING,43802
165,548,CHEQUING,27934
166,534,SAVINGS,22273
167,830,SAVINGS,5893
168,783,CHEQUING,26514
169,426,CHEQUING,26784
170,601,CHEQUING,24130
171,405,SAVINGS,18906
172,482,SAVINGS,49481
173,99,CHEQUING,39854
174,848,CHEQUING,42190
175,158,CHEQUING,25523
176,494,SAVINGS,46908
177,764,SAVINGS,43578
178,529,CHEQUING,10017
179,531,SAVINGS,23945
180,879,SAVINGS,15587
181,771,CHEQUING,5236
182,739,CHEQUING,49190
183,634,SAVINGS,4506
184,745,CHEQUING,31027
185,435,SAVINGS,22012
186,561,CHEQUING,33969
187,557,SAVINGS,17383
188,754,SAVINGS,3346
189,142,CHEQUING,39043
190,586,CHEQUING,17523
191,928,CHEQUING,36450
192,211,SAVINGS,49822
193,95,SAVINGS,42624
194,135,CHEQUING,39848
195,894,SAVINGS,32626
196,782,CHEQUING,47353
197,52,CHEQUING,916
198,420,CHEQUING,31218
199,435,CHEQUING,29459
200,466,CHEQUING,40360
201,584,CHEQUING,22280
202,53,CHEQUING,47962
203,707,CHEQUING,3612
204,861,CHEQUING,35639
205,314,CHEQUING,22839
206,978,CHEQUING,23102
207,543,CHEQUING,38303
208,193,SAVINGS,11377
209,766,CHEQUING,37686
210,805,SAVINGS,27426
211,202,CHEQUING,39628
212,32,SAVINGS,45239
213,759,SAVINGS,36205
214,843,CHEQUING,37455
215,870,CHEQUING,19778
216,172,SAVINGS,6909
217,210,SAVINGS,26167
218,725,CHEQUING,33635
219,1000,CHEQUING,37411
220,539,CHEQUING,1103
221,963,CHEQUING,41649
222,670,CHEQUING,10876
223,323,CHEQUING,17131
224,989,SAVINGS,33403
225,327,CHEQUING,14823
226,861,SAVINGS,33255
227,186,CHEQUING,43601
228,308,CHEQUING,46577
229,111,CHEQUING,33942
230,151,CHEQUING,12791
231,654,CHEQUING,28408
232,830,SAVINGS,2804
233,524,SAVINGS,37294
234,988,SAVINGS,25195
235,958,CHEQUING,39419
236,719,CHEQUING,36311
237,866,CHEQUING,13601
238,528,CHEQUING,14717
239,234,SAVINGS,43794
240,754,CHEQUING,31863
241,566,CHEQUING,23653
242,356,CHEQUING,17268
243,749,CHEQUING,26586
244,966,SAVINGS,28795
245,357,CHEQUING,40124
246,561,SAVINGS,24936
247,625,SAVINGS,30889
248,470,SAVINGS,20834
249,296,SAVINGS,36635
250,32,CHEQUING,19742
251,239,SAVINGS,9741
252,94,SAVINGS,6299
253,134,SAVINGS,15643
254,834,SAVINGS,26977
255,865,SAVINGS,2578
256,203,SAVINGS,13663
257,901,CHEQUING,35075
258,596,CHEQUING,10667
259,932,SAVINGS,2873
260,405,SAVINGS,21042
261,152,SAVINGS,44928
262,507,SAVINGS,32337
263,723,CHEQUING,21874
264,48,SAVINGS,29449
265,244,SAVINGS,39303
266,803,CHEQUING,43651
267,641,CHEQUING,24143
268,707,CHEQUING,29975
269,647,CHEQUING,37477
270,393,SAVINGS,12380
271,66,SAVINGS,20517
272,53,CHEQUING,49140
273,928,SAVINGS,22309
274,674,SAVINGS,27691
275,329,SAVINGS,5393
276,47,SAVINGS,11644
277,972,SAVINGS,47944
278,165,CHEQUING,15306
279,110,CHEQUING,36397
280,275,SAVINGS,15952
281,948,CHEQUING,249
282,355,CHEQUING,28154
283,655,SAVINGS,14057
284,345,SAVINGS,24071
285,134,CHEQUING,36246
286,315,CHEQUING,9069
287,14,CHEQUING,291
288,796,CHEQUING,15794
289,427,CHEQUING,29455
290,702,SAVINGS,25714
291,112,SAVINGS,8582
292,402,SAVINGS,4398
293,414,CHEQUING,5761
294,769,SAVINGS,45770
295,555,SAVINGS,27920
296,129,CHEQUING,14279
297,12,SAVINGS,42988
298,626,SAVINGS,10808
299,215,CHEQUING,37026
300,770,CHEQUING,43533
301,383,SAVINGS,24198
302,175,CHEQUING,46731
303,906,SAVINGS,12003
304,586,SAVINGS,42543
305,11,CHEQUING,4064
306,301,SAVINGS,1469
307,729,SAVINGS,45279
308,819,SAVINGS,25298
309,295,CHEQUING,6810
310,697,SAVINGS,28610
311,578,CHEQUING,25744
312,353,SAVINGS,25706
313,920,CHEQUING,337
314,483,SAVINGS,16804
315,484,SAVINGS,34111
316,878,CHEQUING,14991
317,870,CHEQUING,47162
318,375,CHEQUING,32443
319,95,SAVINGS,8763
320,710,CHEQUING,22138
321,585,CHEQUING,26810
322,613,SAVINGS,47344
323,611,SAVINGS,12955
324,844,CHEQUING,23571
325,655,SAVINGS,25009
326,109,SAVINGS,47532
327,141,CHEQUING,5692
328,78,SAVINGS,2299
329,173,CHEQUING,28683
330,886,CHEQUING,2126
331,406,CHEQUING,1866
332,123,SAVINGS,1423
333,664,CHEQUING,20650
334,799,SAVINGS,39192
335,883,CHEQUING,46277
336,754,SAVINGS,41691
337,426,CHEQUING,38791
338,839,SAVINGS,49466
339,524,CHEQUING,39789
340,502,SAVINGS,13224
341,948,SAVINGS,18066
342,953,SAVINGS,24729
343,370,CHEQUING,17048
344,629,CHEQUING,37362
345,604,SAVINGS,25851
346,170,SAVINGS,49239
347,838,SAVINGS,31995
348,533,CHEQUING,22534
349,115,SAVINGS,20386
350,250,CHEQUING,43129
351,243,SAVINGS,44114
352,840,SAVINGS,18127
353,153,SAVINGS,35269
354,146,SAVINGS,39191
355,371,SAVINGS,13508
356,815,CHEQUING,33990
357,626,SAVINGS,15897
358,307,SAVINGS,40140
359,275,SAVINGS,23101
360,947,CHEQUING,38038
361,251,CHEQUING,3825
362,745,SAVINGS,42428
363,239,SAVINGS,49489
364,36,SAVINGS,37453
365,450,SAVINGS,14553
366,762,SAVINGS,41137
367,631,CHEQUING,35295
368,257,SAVINGS,13234
369,567,CHEQUING,35381
370,759,CHEQUING,22793
371,516,SAVINGS,12200
372,952,SAVINGS,1002
373,470,SAVINGS,18688
374,634,SAVINGS,6363
375,699,CHEQUING,22503
376,696,CHEQUING,45345
377,354,CHEQUING,3049
378,493,SAVINGS,30478
379,464,CHEQUING,46031
380,563,CHEQUING,35978
381,845,SAVINGS,21870
382,495,CHEQUING,47571
383,689,SAVINGS,48700
384,819,CHEQUING,29547
385,657,CHEQUING,47974
386,942,SAVINGS,32047
387,64,SAVINGS,25827
388,444,SAVINGS,39355
389,92,SAVINGS,12509
390,9,CHEQUING,15915
391,955,SAVINGS,34739
392,910,CHEQUING,28998
393,90,SAVINGS,25008
394,225,SAVINGS,14550
395,907,SAVINGS,3887
396,632,SAVINGS,38209
397,534,SAVINGS,35266
398,19,SAVINGS,36175
399,267,SAVINGS,6745
400,915,SAVINGS,20387
401,218,SAVINGS,8347
402,859,SAVINGS,28228
403,671,CHEQUING,47255
404,661,CHEQUING,2968
405,296,SAVINGS,11241
406,135,CHEQUING,30562
407,718,CHEQUING,39809
408,971,CHEQUING,36336
409,995,CHEQUING,778
410,242,SAVINGS,42393
411,750,SAVINGS,1475
412,197,SAVINGS,44991
413,68,SAVINGS,20015
414,345,SAVINGS,33684
415,255,CHEQUING,46931
416,110,CHEQUING,18679
417,828,CHEQUING,7759
418,742,SAVINGS,18025
419,470,CHEQUING,27231
420,265,CHEQUING,16837
421,112,CHEQUING,49690
422,436,CHEQUING,43969
423,206,SAVINGS,31167
424,806,SAVINGS,5547
425,745,CHEQUING,46110
426,320,SAVINGS,27198
427,805,SAVINGS,41734
428,50,SAVINGS,48487
429,688,CHEQUING,37146
430,39,CHEQUING,24274
431,295,CHEQUING,22300
432,919,CHEQUING,39529
433,875,SAVINGS,33504
434,682,SAVINGS,3906
435,993,SAVINGS,44176
436,812,SAVINGS,10527
437,302,CHEQUING,25991
438,566,CHEQUING,4870
439,457,CHEQUING,18272
440,303,SAVINGS,45923
441,181,CHEQUING,34561
442,116,CHEQUING,25432
443,36,CHEQUING,44771
444,886,CHEQUING,47259
445,605,CHEQUING,48952
446,1000,SAVINGS,12700
447,558,SAVINGS,39984
448,414,CHEQUING,11389
449,702,CHEQUING,7638
450,146,CHEQUING,39789
451,887,CHEQUING,17879
452,599,CHEQUING,8382
453,707,SAVINGS,9133
454,863,CHEQUING,3002
455,341,SAVINGS,48245
456,491,SAVINGS,42719
457,928,CHEQUING,9952
458,817,SAVINGS,40482
459,961,SAVINGS,44065
460,35,CHEQUING,24815
461,118,SAVINGS,39909
462,404,CHEQUING,43397
463,716,SAVINGS,47773
464,444,SAVINGS,48362
465,194,SAVINGS,45357
466,935,CHEQUING,14634
467,490,CHEQUING,36699
468,481,CHEQUING,1225
469,124,CHEQUING,49373
470,625,SAVINGS,30207
471,9,SAVINGS,10597
472,18,CHEQUING,37175
473,180,SAVINGS,19523
474,382,CHEQUING,895
475,211,SAVINGS,29912
476,136,SAVINGS,33717
477,792,SAVINGS,3144
478,595,CHEQUING,21983
479,653,SAVINGS,30719
480,933,CHEQUING,19935
481,440,CHEQUING,10568
482,972,CHEQUING,44819
483,51,CHEQUING,23856
484,960,CHEQUING,19463
485,857,SAVINGS,25526
486,869,SAVINGS,916
487,373,CHEQUING,22369
488,179,SAVINGS,38024
489,671,CHEQUING,39245
490,167,CHEQUING,47896
491,323,CHEQUING,22436
492,635,CHEQUING,8805
493,60,SAVINGS,33132
494,950,SAVINGS,3892
495,280,SAVINGS,43397
496,171,SAVINGS,12037
497,562,SAVINGS,48635
498,476,SAVINGS,17667
499,550,SAVINGS,953
500,776,CHEQUING,32202
501,334,SAVINGS,32462
502,88,SAVINGS,582
503,16,SAVINGS,6304
504,283,SAVINGS,36711
505,939,CHEQUING,27266
506,825,SAVINGS,27231
507,985,CHEQUING,11513
508,967,SAVINGS,14282
509,517,CHEQUING,48660
510,321,CHEQUING,19786
511,532,CHEQUING,26109
512,745,SAVINGS,49061
513,817,CHEQUING,38636
514,736,CHEQUING,35512
515,44,SAVINGS,4998
516,884,SAVINGS,25752
517,680,CHEQUING,40509
518,476,SAVINGS,42235
519,117,SAVINGS,48135
520,832,CHEQUING,27126
521,159,CHEQUING,29875
522,462,SAVINGS,4485
523,534,CHEQUING,2227
524,758,SAVINGS,21769
525,479,SAVINGS,10904
526,517,CHEQUING,28873
527,598,SAVINGS,47407
528,609,CHEQUING,18256
529,94,CHEQUING,5697
530,968,CHEQUING,1139
531,764,SAVINGS,8236
532,124,SAVINGS,10898
533,8,SAVINGS,7790
534,175,CHEQUING,21816
535,606,SAVINGS,21065
536,588,SAVINGS,38857
537,379,CHEQUING,36165
538,911,CHEQUING,35793
539,688,CHEQUING,13250
540,812,SAVINGS,46848
541,934,CHEQUING,3509
542,791,SAVINGS,9390
543,961,CHEQUING,6843
544,880,SAVINGS,22631
545,459,SAVINGS,22284
546,246,CHEQUING,5795
547,359,SAVINGS,2825
548,177,SAVINGS,33702
549,515,CHEQUING,4752
550,640,SAVINGS,47355
551,426,SAVINGS,32043
552,738,SAVINGS,44622
553,165,SAVINGS,3079
554,421,CHEQUING,37234
555,626,CHEQUING,10080
556,249,CHEQUING,628
557,915,CHEQUING,2344
558,875,CHEQUING,13459
559,95,CHEQUING,3399
560,754,SAVINGS,6604
561,20,SAVINGS,7395
562,766,SAVINGS,34967
563,446,CHEQUING,36530
564,694,CHEQUING,6618
565,899,SAVINGS,13745
566,800,CHEQUING,17550
567,111,SAVINGS,28297
568,292,SAVINGS,28624
569,547,CHEQUING,42332
570,164,SAVINGS,41659
571,223,CHEQUING,16056
572,888,SAVINGS,40504
573,518,SAVINGS,36187
574,790,SAVINGS,3611
575,773,SAVINGS,11574
576,397,SAVINGS,8295
577,859,SAVINGS,4163
578,213,SAVINGS,43337
579,928,SAVINGS,17328
580,54,CHEQUING,12881
581,622,CHEQUING,31250
582,212,CHEQUING,45634
583,199,CHEQUING,14665
584,237,SAVINGS,835
585,136,CHEQUING,18038
586,114,CHEQUING,42610
587,389,CHEQUING,23601
588,48,CHEQUING,46835
589,865,CHEQUING,4783
590,908,SAVINGS,35507
591,270,CHEQUING,118
592,719,CHEQUING,26259
593,846,SAVINGS,13256
594,655,SAVINGS,33247
595,832,SAVINGS,2352
596,479,SAVINGS,16381
597,461,CHEQUING,20089
598,588,CHEQUING,2598
599,534,CHEQUING,2475
600,873,SAVINGS,20658
601,501,SAVINGS,24308
602,245,SAVINGS,13039
603,402,CHEQUING,1273
604,462,SAVINGS,12515
605,44,SAVINGS,14049
606,448,SAVINGS,40115
607,482,CHEQUING,22091
608,278,SAVINGS,26575
609,236,CHEQUING,40765
610,914,CHEQUING,46560
611,531,SAVINGS,2323
612,172,SAVINGS,28577
613,589,SAVINGS,32092
614,933,SAVINGS,10030
615,91,SAVINGS,16142
616,397,SAVINGS,14195
617,196,SAVINGS,43411
618,873,SAVINGS,41081
619,93,CHEQUING,17337
620,539,SAVINGS,11002
621,326,CHEQUING,48986
622,977,SAVINGS,14189
623,681,SAVINGS,39249
624,756,SAVINGS,8490
625,338,SAVINGS,32129
626,326,SAVINGS,43198
627,327,CHEQUING,2186
628,960,SAVINGS,21808
629,875,SAVINGS,25657
630,437,SAVINGS,29617
631,980,CHEQUING,17002
632,390,CHEQUING,7328
633,924,CHEQUING,10375
634,923,SAVINGS,35404
635,234,SAVINGS,28872
636,850,SAVINGS,18452
637,748,CHEQUING,40059
638,119,CHEQUING,5371
639,923,SAVINGS,122
640,498,CHEQUING,27884
641,956,CHEQUING,13337
642,725,CHEQUING,41272
643,578,SAVINGS,18218
644,773,SAVINGS,35085
645,865,SAVINGS,20856
646,328,CHEQUING,48494
647,555,SAVINGS,22129
648,24,CHEQUING,44714
649,200,CHEQUING,26100
650,733,CHEQUING,19782
651,721,SAVINGS,33681
652,540,SAVINGS,30213
653,514,SAVINGS,31854
654,272,SAVINGS,24082
655,908,CHEQUING,41238
656,767,SAVINGS,9846
657,307,SAVINGS,24920
658,637,SAVINGS,24243
659,625,CHEQUING,10885
660,627,CHEQUING,30721
661,848,SAVINGS,9245
662,819,CHEQUING,32984
663,613,SAVINGS,10353
664,201,CHEQUING,17378
665,949,SAVINGS,15135
666,970,CHEQUING,34719
667,13,CHEQUING,30144
668,693,SAVINGS,41933
669,962,CHEQUING,23601
670,752,SAVINGS,46317
671,401,SAVINGS,32984
672,766,SAVINGS,48378
673,649,CHEQUING,12640
674,971,CHEQUING,2365
675,589,CHEQUING,36278
676,581,CHEQUING,9598
677,712,SAVINGS,44476
678,887,SAVINGS,16177
679,105,CHEQUING,1712
680,93,SAVINGS,36133
681,359,CHEQUING,47797
682,847,CHEQUING,13402
683,134,SAVINGS,29360
684,389,CHEQUING,674
685,692,SAVINGS,48603
686,1,CHEQUING,17266
687,110,CHEQUING,43442
688,27,CHEQUING,28205
689,7,CHEQUING,18905
690,409,CHEQUING,24207
691,923,SAVINGS,23500
692,255,SAVINGS,47493
693,198,CHEQUING,5115
694,62,SAVINGS,19120
695,613,CHEQUING,41914
696,397,CHEQUING,42609
697,250,CHEQUING,3652
698,193,SAVINGS,48706
699,492,CHEQUING,39913
700,164,CHEQUING,21117
701,396,SAVINGS,28657
702,109,SAVINGS,15445
703,616,CHEQUING,11033
704,824,SAVINGS,44481
705,541,CHEQUING,2153
706,702,SAVINGS,48855
707,44,SAVINGS,28550
708,91,SAVINGS,29300
709,189,CHEQUING,15725
710,154,SAVINGS,30273
711,393,SAVINGS,36565
712,274,SAVINGS,42925
713,649,CHEQUING,24293
714,528,CHEQUING,25081
715,493,SAVINGS,17894
716,604,CHEQUING,32681
717,525,CHEQUING,41852
718,817,CHEQUING,10292
719,300,CHEQUING,28947
720,155,SAVINGS,3211
721,376,CHEQUING,21602
722,577,CHEQUING,43824
723,198,CHEQUING,37920
724,810,CHEQUING,20159
725,13,SAVINGS,13026
726,188,CHEQUING,8610
727,234,SAVINGS,23508
728,927,CHEQUING,23847
729,38,SAVINGS,40748
730,483,CHEQUING,46082
731,606,CHEQUING,30797
732,195,SAVINGS,9338
733,764,SAVINGS,9068
734,306,CHEQUING,26663
735,625,SAVINGS,24631
736,549,SAVINGS,46350
737,818,CHEQUING,36562
738,956,SAVINGS,42331
739,926,SAVINGS,18365
740,697,CHEQUING,40129
741,43,CHEQUING,3038
742,710,SAVINGS,29627
743,474,SAVINGS,25294
744,779,CHEQUING,44282
745,188,CHEQUING,2746
746,728,CHEQUING,34326
747,371,SAVINGS,5436
748,120,SAVINGS,17566
749,78,SAVINGS,33562
750,303,CHEQUING,41170
751,231,CHEQUING,19592
752,967,CHEQUING,25566
753,549,SAVINGS,24145
754,727,CHEQUING,16243
755,793,CHEQUING,22098
756,711,SAVINGS,25310
757,139,CHEQUING,31634
758,940,CHEQUING,20499
759,413,CHEQUING,30075
760,244,CHEQUING,45655
761,356,CHEQUING,38657
762,730,SAVINGS,22601
763,43,SAVINGS,17254
764,225,SAVINGS,29925
765,149,SAVINGS,26112
766,567,CHEQUING,25106
767,248,CHEQUING,26604
768,604,SAVINGS,18228
769,920,CHEQUING,41844
770,554,SAVINGS,27848
771,325,SAVINGS,39682
772,456,CHEQUING,8559
773,50,SAVINGS,36190
774,561,SAVINGS,34762
775,394,CHEQUING,31759
776,59,CHEQUING,28468
777,883,CHEQUING,40047
778,607,SAVINGS,31608
779,515,SAVINGS,11705
780,363,CHEQUING,16723
781,482,CHEQUING,35435
782,807,CHEQUING,25979
783,669,SAVINGS,33190
784,919,CHEQUING,35504
785,628,CHEQUING,4778
786,444,CHEQUING,37826
787,340,SAVINGS,9140
788,543,CHEQUING,46810
789,890,CHEQUING,32966
790,621,CHEQUING,600
791,887,CHEQUING,6556
792,367,CHEQUING,47544
793,833,CHEQUING,14475
794,792,CHEQUING,47526
795,604,CHEQUING,14027
796,635,SAVINGS,15282
797,330,SAVINGS,20145
798,831,SAVINGS,19489
799,176,SAVINGS,37476
800,670,SAVINGS,31794
801,300,CHEQUING,19667
802,597,SAVINGS,38786
803,850,CHEQUING,11950
804,111,SAVINGS,45242
805,961,CHEQUING,385
806,325,CHEQUING,49496
807,782,SAVINGS,36734
808,608,CHEQUING,4975
809,72,CHEQUING,41897
810,949,CHEQUING,15404
811,925,CHEQUING,46083
812,914,CHEQUING,12910
813,492,CHEQUING,49081
814,911,SAVINGS,11767
815,215,CHEQUING,41454
816,117,CHEQUING,22262
817,469,CHEQUING,33199
818,207,SAVINGS,37923
819,220,CHEQUING,5715
820,613,CHEQUING,12435
821,497,SAVINGS,20052
822,727,SAVINGS,18898
823,73,CHEQUING,46522
824,772,CHEQUING,45949
825,533,CHEQUING,1222
826,652,CHEQUING,32080
827,20,SAVINGS,23682
828,148,CHEQUING,25420
829,815,CHEQUING,36538
830,101,SAVINGS,44860
831,328,CHEQUING,8202
832,815,SAVINGS,597
833,444,SAVINGS,42368
834,45,SAVINGS,26777
835,311,SAVINGS,21901
836,553,SAVINGS,17529
837,583,SAVINGS,31787
838,267,SAVINGS,48883
839,481,SAVINGS,20884
840,965,CHEQUING,21820
841,244,CHEQUING,42590
842,938,CHEQUING,49973
843,261,CHEQUING,17298
844,129,SAVINGS,40313
845,90,SAVINGS,22972
846,407,CHEQUING,39517
847,516,SAVINGS,27464
848,793,CHEQUING,14032
849,31,CHEQUING,49235
850,456,SAVINGS,37877
851,688,CHEQUING,15402
852,155,SAVINGS,6268
853,866,SAVINGS,26470
854,998,CHEQUING,13065
855,555,CHEQUING,27107
856,528,SAVINGS,26755
857,805,CHEQUING,9682
858,36,SAVINGS,15081
859,737,SAVINGS,18875
860,350,SAVINGS,34506
861,616,SAVINGS,41695
862,266,CHEQUING,32411
863,1000,CHEQUING,9548
864,928,CHEQUING,42305
865,865,SAVINGS,20587
866,886,SAVINGS,41712
867,527,CHEQUING,38941
868,700,SAVINGS,45162
869,123,CHEQUING,3567
870,902,CHEQUING,600
871,921,SAVINGS,28582
872,685,CHEQUING,35745
873,342,SAVINGS,14126
874,962,CHEQUING,5473
875,287,CHEQUING,40933
876,30,SAVINGS,13364
877,45,CHEQUING,28723
878,684,CHEQUING,40134
879,524,CHEQUING,36813
880,596,SAVINGS,1688
881,567,CHEQUING,40414
882,401,SAVINGS,40658
883,762,SAVINGS,42987
884,631,CHEQUING,41406
885,225,SAVINGS,42282
886,782,SAVINGS,5338
887,572,SAVINGS,10373
888,612,CHEQUING,39673
889,343,CHEQUING,17823
890,793,SAVINGS,8383
891,159,SAVINGS,15748
892,323,SAVINGS,15991
893,998,SAVINGS,20993
894,64,SAVINGS,15104
895,630,CHEQUING,7175
896,109,CHEQUING,41196
897,114,SAVINGS,16363
898,662,SAVINGS,28621
899,72,CHEQUING,19327
900,702,CHEQUING,5686
901,746,SAVINGS,45809
902,25,SAVINGS,48332
903,309,SAVINGS,23498
904,293,CHEQUING,39361
905,573,CHEQUING,8694
906,482,CHEQUING,2733
907,476,CHEQUING,48464
908,873,SAVINGS,45513
909,724,SAVINGS,5571
910,92,SAVINGS,40198
911,218,CHEQUING,2750
912,481,CHEQUING,35109
913,646,SAVINGS,4445
914,354,CHEQUING,36532
915,217,CHEQUING,14166
916,678,CHEQUING,5294
917,866,SAVINGS,30489
918,812,CHEQUING,22866
919,712,SAVINGS,40331
920,459,CHEQUING,49377
921,944,CHEQUING,10639
922,829,CHEQUING,44424
923,491,SAVINGS,36505
924,151,CHEQUING,43839
925,755,CHEQUING,36003
926,654,SAVINGS,33346
927,24,SAVINGS,19781
928,978,CHEQUING,27627
929,975,SAVINGS,7424
930,632,CHEQUING,10855
931,785,CHEQUING,32900
932,298,CHEQUING,12186
933,660,SAVINGS,41917
934,460,CHEQUING,131
935,899,CHEQUING,47770
936,888,CHEQUING,183
937,702,CHEQUING,40841
938,668,CHEQUING,25146
939,395,CHEQUING,30986
940,993,SAVINGS,38994
941,373,SAVINGS,48525
942,910,SAVINGS,11434
943,890,SAVINGS,48075
944,873,CHEQUING,26734
945,703,SAVINGS,151
946,140,CHEQUING,44228
947,802,SAVINGS,47841
948,904,CHEQUING,39794
949,784,CHEQUING,27363
950,771,SAVINGS,48437
951,945,CHEQUING,15527
952,140,CHEQUING,48535
953,765,SAVINGS,49325
954,275,CHEQUING,45413
955,251,CHEQUING,20842
956,801,CHEQUING,23840
957,153,SAVINGS,33984
958,669,SAVINGS,6409
959,404,SAVINGS,22446
960,392,CHEQUING,36247
961,755,SAVINGS,13567
962,489,CHEQUING,28540
963,851,SAVINGS,37674
964,167,CHEQUING,14975
965,736,CHEQUING,1825
966,184,CHEQUING,47666
967,595,SAVINGS,13286
968,322,CHEQUING,5366
969,702,CHEQUING,33699
970,459,SAVINGS,29671
971,276,CHEQUING,25276
972,706,SAVINGS,2516
973,209,SAVINGS,5025
974,828,CHEQUING,19936
975,848,CHEQUING,10325
976,817,SAVINGS,9520
977,660,CHEQUING,279
978,154,SAVINGS,38964
979,682,SAVINGS,21932
980,706,CHEQUING,35339
981,20,CHEQUING,33467
982,392,CHEQUING,31111
983,708,CHEQUING,36073
984,374,CHEQUING,39916
985,795,SAVINGS,41661
986,156,SAVINGS,46749
987,939,CHEQUING,32717
988,535,CHEQUING,5102
989,743,CHEQUING,32942
990,353,SAVINGS,7514
991,951,CHEQUING,44915
992,127,SAVINGS,38796
993,943,SAVINGS,34114
994,445,CHEQUING,15003
995,429,SAVINGS,13609
996,231,CHEQUING,9770
997,413,CHEQUING,11785
998,747,CHEQUING,32809
999,380,CHEQUING,35166
1000,73,CHEQUING,5096
1001,558,CHEQUING,40932
1002,862,SAVINGS,34618
1003,156,CHEQUING,376
1004,931,CHEQUING,35612
1005,180,SAVINGS,28272
1006,872,SAVINGS,30419
1007,587,CHEQUING,35727
1008,93,CHEQUING,44124
1009,787,CHEQUING,40487
1010,840,SAVINGS,3405
1011,44,SAVINGS,9528
1012,492,CHEQUING,24844
1013,330,SAVINGS,27628
1014,636,CHEQUING,5520
1015,687,SAVINGS,5165
1016,621,SAVINGS,2142
1017,997,CHEQUING,30405
1018,128,SAVINGS,40064
1019,378,SAVINGS,38640
1020,747,SAVINGS,34356
1021,130,SAVINGS,22520
1022,610,SAVINGS,18195
1023,9,SAVINGS,49501
1024,99,CHEQUING,43084
1025,820,CHEQUING,4752
1026,373,SAVINGS,34926
1027,878,CHEQUING,12487
1028,614,CHEQUING,29057
1029,891,CHEQUING,30843
1030,195,CHEQUING,47045
1031,175,SAVINGS,8418
1032,799,SAVINGS,39223
1033,756,SAVINGS,8534
1034,966,SAVINGS,43511
1035,260,CHEQUING,21145
1036,566,CHEQUING,13008
1037,165,CHEQUING,40699
1038,797,SAVINGS,44863
1039,166,CHEQUING,44013
1040,437,SAVINGS,29638
1041,567,CHEQUING,30453
1042,506,CHEQUING,44083
1043,370,CHEQUING,6071
1044,889,SAVINGS,15801
1045,320,CHEQUING,24827
1046,254,CHEQUING,19139
1047,927,SAVINGS,743
1048,394,CHEQUING,34325
1049,992,SAVINGS,45662
1050,777,CHEQUING,11695
1051,592,SAVINGS,22680
1052,785,CHEQUING,5504
1053,177,CHEQUING,34918
1054,137,SAVINGS,48141
1055,158,CHEQUING,44101
1056,661,CHEQUING,435
1057,466,CHEQUING,36649
1058,311,SAVINGS,45223
1059,697,CHEQUING,11891
1060,458,SAVINGS,49513
1061,318,CHEQUING,32191
1062,980,CHEQUING,18501
1063,921,SAVINGS,30497
1064,101,SAVINGS,31236
1065,345,SAVINGS,12336
1066,486,CHEQUING,20639
1067,43,SAVINGS,1038
1068,592,CHEQUING,10992
1069,794,SAVINGS,7805
1070,912,CHEQUING,47623
1071,225,SAVINGS,11503
1072,543,SAVINGS,9024
1073,80,CHEQUING,23990
1074,444,SAVINGS,26177
1075,107,CHEQUING,6109
1076,975,CHEQUING,14746
1077,478,CHEQUING,25319
1078,236,CHEQUING,27239
1079,184,SAVINGS,23618
1080,933,CHEQUING,15510
1081,69,CHEQUING,8531
1082,311,CHEQUING,27115
1083,551,CHEQUING,28584
1084,38,CHEQUING,38113
1085,128,SAVINGS,802
1086,719,SAVINGS,796
1087,173,SAVINGS,6462
1088,476,CHEQUING,46025
1089,250,SAVINGS,42781
1090,728,CHEQUING,2936
1091,522,SAVINGS,46974
1092,316,CHEQUING,20857
1093,380,CHEQUING,35534
1094,420,SAVINGS,26991
1095,632,CHEQUING,38152
1096,332,SAVINGS,44584
1097,577,CHEQUING,24000
1098,463,SAVINGS,3747
1099,270,CHEQUING,21339
1100,915,CHEQUING,2529
1101,831,SAVINGS,45314
1102,452,SAVINGS,32320
1103,340,CHEQUING,32747
1104,748,CHEQUING,39844
1105,118,CHEQUING,35913
1106,814,CHEQUING,12313
1107,579,CHEQUING,25916
1108,209,SAVINGS,21131
1109,758,CHEQUING,1371
1110,829,CHEQUING,17200
1111,810,SAVINGS,47307
1112,393,CHEQUING,24342
1113,537,CHEQUING,35184
1114,425,CHEQUING,33933
1115,478,SAVINGS,5078
1116,217,SAVINGS,31258
1117,491,SAVINGS,20842
1118,249,CHEQUING,44143
1119,398,SAVINGS,3132
1120,656,CHEQUING,23398
1121,703,SAVINGS,37950
1122,236,SAVINGS,38675
1123,894,SAVINGS,31165
1124,904,CHEQUING,45755
1125,936,CHEQUING,48438
1126,118,CHEQUING,36812
1127,256,CHEQUING,25050
1128,614,SAVINGS,12126
1129,842,CHEQUING,27004
1130,40,CHEQUING,31539
1131,406,CHEQUING,4436
1132,227,CHEQUING,48086
1133,192,CHEQUING,25980
1134,48,CHEQUING,45455
1135,36,SAVINGS,3156
1136,903,CHEQUING,39517
1137,742,CHEQUING,49875
1138,274,CHEQUING,31111
1139,702,SAVINGS,4884
1140,736,CHEQUING,33080
1141,380,SAVINGS,34156
1142,765,CHEQUING,43112
1143,608,CHEQUING,17785
1144,700,SAVINGS,37669
1145,284,SAVINGS,3139
1146,268,SAVINGS,23167
1147,923,CHEQUING,14272
1148,111,SAVINGS,33312
1149,4,CHEQUING,19656
1150,614,SAVINGS,45734
1151,61,CHEQUING,9816
1152,616,SAVINGS,2948
1153,153,CHEQUING,28431
1154,343,CHEQUING,12537
1155,356,CHEQUING,22494
1156,569,CHEQUING,8379
1157,640,SAVINGS,1393
1158,286,SAVINGS,2986
1159,824,CHEQUING,38999
1160,932,SAVINGS,1437
1161,216,CHEQUING,40274
1162,164,SAVINGS,1433
1163,959,CHEQUING,15565
1164,497,SAVINGS,48434
1165,809,CHEQUING,359
1166,253,SAVINGS,9344
1167,844,CHEQUING,10707
1168,846,CHEQUING,11353
1169,534,CHEQUING,45575
1170,572,CHEQUING,20615
1171,609,SAVINGS,8031
1172,490,CHEQUING,37452
1173,424,SAVINGS,17831
1174,633,CHEQUING,4178
1175,575,SAVINGS,49045
1176,770,CHEQUING,24676
1177,640,CHEQUING,25841
1178,776,SAVINGS,20215
1179,131,SAVINGS,40135
1180,301,CHEQUING,5310
1181,486,CHEQUING,46269
1182,626,CHEQUING,6578
1183,560,SAVINGS,11635
1184,690,SAVINGS,30687
1185,930,CHEQUING,29625
1186,41,CHEQUING,29134
1187,151,CHEQUING,46884
1188,364,CHEQUING,37087
1189,448,SAVINGS,24879
1190,394,SAVINGS,25901
1191,771,SAVINGS,49128
1192,874,CHEQUING,29741
1193,257,SAVINGS,8859
1194,928,CHEQUING,1188
1195,243,SAVINGS,14176
1196,656,SAVINGS,46975
1197,172,SAVINGS,5300
1198,492,SAVINGS,20043
1199,553,SAVINGS,12607
1200,481,SAVINGS,16466
1201,45,CHEQUING,42001
1202,495,SAVINGS,6614
1203,642,SAVINGS,23406
1204,675,CHEQUING,33625
1205,640,SAVINGS,13008
1206,941,SAVINGS,23588
1207,524,CHEQUING,27857
1208,207,SAVINGS,48068
1209,160,SAVINGS,38365
1210,640,CHEQUING,48033
1211,41,CHEQUING,38657
1212,265,SAVINGS,29587
1213,702,CHEQUING,6481
1214,505,CHEQUING,35222
1215,688,CHEQUING,33556
1216,972,CHEQUING,2526
1217,381,SAVINGS,25190
1218,736,CHEQUING,41597
1219,248,CHEQUING,43504
1220,744,SAVINGS,1670
1221,431,CHEQUING,8461
1222,160,CHEQUING,6898
1223,885,SAVINGS,14657
1224,999,SAVINGS,49531
1225,73,SAVINGS,38486
1226,293,SAVINGS,40264
1227,983,CHEQUING,25880
1228,344,SAVINGS,47187
1229,329,SAVINGS,22440
1230,685,CHEQUING,32804
1231,824,SAVINGS,49954
1232,700,CHEQUING,31550
1233,206,SAVINGS,31527
1234,715,SAVINGS,27724
1235,752,CHEQUING,45228
1236,386,SAVINGS,21332
1237,572,CHEQUING,7586
1238,79,SAVINGS,29499
1239,887,CHEQUING,29488
1240,320,CHEQUING,7962
1241,689,SAVINGS,48377
1242,655,CHEQUING,13217
1243,41,SAVINGS,49406
1244,254,SAVINGS,10435
1245,102,CHEQUING,341
1246,345,SAVINGS,1643
1247,747,SAVINGS,21093
1248,227,SAVINGS,23360
1249,407,SAVINGS,46347
1250,845,CHEQUING,46237
1251,178,CHEQUING,1878
1252,848,CHEQUING,4597
1253,454,CHEQUING,3521
1254,108,SAVINGS,46570
1255,804,CHEQUING,49554
1256,715,CHEQUING,24153
1257,250,SAVINGS,7506
1258,478,CHEQUING,19538
1259,193,CHEQUING,42716
1260,992,CHEQUING,44051
1261,506,SAVINGS,42832
1262,618,CHEQUING,29961
1263,511,SAVINGS,45474
1264,312,CHEQUING,21551
1265,367,SAVINGS,47830
1266,170,SAVINGS,19996
1267,470,SAVINGS,35961
1268,27,CHEQUING,24323
1269,203,SAVINGS,26895
1270,563,SAVINGS,8685
1271,522,CHEQUING,29901
1272,513,SAVINGS,42881
1273,839,SAVINGS,29511
1274,561,CHEQUING,33878
1275,550,CHEQUING,23954
1276,47,CHEQUING,7414
1277,967,SAVINGS,34706
1278,365,CHEQUING,30493
1279,668,CHEQUING,26787
1280,935,CHEQUING,30471
1281,726,CHEQUING,36528
1282,81,CHEQUING,16069
1283,525,SAVINGS,8429
1284,125,SAVINGS,39536
1285,497,SAVINGS,1387
1286,16,SAVINGS,22765
1287,907,SAVINGS,36566
1288,129,SAVINGS,28380
1289,621,CHEQUING,11273
1290,723,SAVINGS,16605
1291,746,SAVINGS,24388
1292,131,CHEQUING,4514
1293,398,SAVINGS,23240
1294,524,CHEQUING,13584
1295,170,SAVINGS,14344
1296,503,SAVINGS,21442
1297,522,CHEQUING,31154
1298,162,CHEQUING,13791
1299,425,CHEQUING,49480
1300,438,SAVINGS,15151
1301,30,CHEQUING,19099
1302,613,SAVINGS,22131
1303,55,CHEQUING,19707
1304,161,SAVINGS,24175
1305,414,CHEQUING,10813
1306,217,SAVINGS,14006
1307,634,SAVINGS,45573
1308,697,CHEQUING,14330
1309,975,CHEQUING,48909
1310,798,CHEQUING,37245
1311,746,SAVINGS,35468
1312,656,SAVINGS,31386
1313,32,SAVINGS,34304
1314,781,CHEQUING,41953
1315,423,SAVINGS,28345
1316,765,CHEQUING,14134
1317,418,CHEQUING,46632
1318,526,SAVINGS,17493
1319,844,CHEQUING,15159
1320,711,SAVINGS,37162
1321,280,CHEQUING,14930
1322,665,SAVINGS,1633
1323,344,SAVINGS,11332
1324,311,CHEQUING,1943
1325,737,SAVINGS,11249
1326,262,SAVINGS,47182
1327,689,CHEQUING,20290
1328,787,CHEQUING,18953
1329,765,CHEQUING,34982
1330,527,CHEQUING,20268
1331,442,SAVINGS,33823
1332,11,CHEQUING,5023
1333,895,SAVINGS,8140
1334,897,CHEQUING,28828
1335,564,SAVINGS,7301
1336,927,CHEQUING,2390
1337,533,SAVINGS,16591
1338,88,SAVINGS,8418
1339,129,SAVINGS,40406
1340,284,SAVINGS,40587
1341,234,SAVINGS,48983
1342,153,CHEQUING,18523
1343,933,CHEQUING,26072
1344,400,SAVINGS,10001
1345,559,CHEQUING,44863
1346,497,SAVINGS,1848
1347,397,SAVINGS,24161
1348,481,SAVINGS,13170
1349,768,SAVINGS,46518
1350,102,CHEQUING,45434
1351,237,CHEQUING,34976
1352,959,CHEQUING,18213
1353,410,CHEQUING,28138
1354,317,SAVINGS,23248
1355,916,SAVINGS,26907
1356,564,CHEQUING,2386
1357,826,SAVINGS,34134
1358,486,SAVINGS,13831
1359,614,CHEQUING,32647
1360,109,SAVINGS,42855
1361,902,SAVINGS,20557
1362,672,SAVINGS,19099
1363,763,SAVINGS,13715
1364,89,CHEQUING,46531
1365,71,CHEQUING,7189
1366,801,SAVINGS,12037
1367,610,CHEQUING,20774
1368,150,CHEQUING,26819
1369,256,SAVINGS,5484
1370,394,CHEQUING,36376
1371,48,SAVINGS,45009
1372,353,SAVINGS,33131
1373,273,SAVINGS,5215
1374,149,SAVINGS,31586
1375,950,CHEQUING,45449
1376,145,CHEQUING,44517
1377,18,SAVINGS,1516
1378,556,CHEQUING,19263
1379,241,CHEQUING,42816
1380,829,SAVINGS,26283
1381,715,SAVINGS,46288
1382,284,CHEQUING,42513
1383,360,CHEQUING,13208
1384,250,SAVINGS,14353
1385,893,CHEQUING,37370
1386,480,CHEQUING,9708
1387,782,SAVINGS,29374
1388,81,SAVINGS,24152
1389,311,SAVINGS,11362
1390,948,CHEQUING,17469
1391,927,SAVINGS,36912
1392,809,SAVINGS,10898
1393,392,SAVINGS,39251
1394,949,CHEQUING,8157
1395,307,CHEQUING,13213
1396,577,SAVINGS,9151
1397,716,CHEQUING,6479
1398,97,CHEQUING,26733
1399,905,SAVINGS,19457
1400,496,SAVINGS,38163
1401,137,CHEQUING,46942
1402,489,CHEQUING,13893
1403,1000,SAVINGS,24650
1404,425,SAVINGS,31248
1405,493,CHEQUING,11509
1406,259,SAVINGS,40990
1407,483,SAVINGS,29320
1408,15,CHEQUING,1794
1409,871,SAVINGS,18744
1410,643,SAVINGS,46577
1411,630,SAVINGS,42719
1412,146,SAVINGS,17905
1413,322,SAVINGS,4189
1414,294,SAVINGS,2872
1415,316,SAVINGS,42594
1416,870,CHEQUING,33014
1417,768,CHEQUING,36760
1418,829,SAVINGS,14943
1419,182,CHEQUING,45125
1420,965,SAVINGS,7136
1421,789,SAVINGS,12194
1422,127,SAVINGS,44138
1423,974,CHEQUING,30754
1424,64,CHEQUING,19077
1425,230,CHEQUING,21642
1426,971,SAVINGS,7647
1427,49,SAVINGS,35349
1428,199,CHEQUING,3105
1429,445,CHEQUING,23578
1430,304,SAVINGS,40288
1431,33,CHEQUING,37163
1432,414,SAVINGS,45574
1433,186,CHEQUING,21042
1434,395,SAVINGS,5259
1435,313,SAVINGS,49322
1436,882,SAVINGS,42264
1437,168,SAVINGS,32426
1438,430,CHEQUING,6925
1439,922,CHEQUING,12178
1440,808,SAVINGS,29091
1441,657,CHEQUING,37570
1442,913,CHEQUING,28450
1443,909,SAVINGS,25582
1444,205,SAVINGS,38016
1445,196,CHEQUING,43786
1446,622,CHEQUING,29412
1447,852,SAVINGS,40001
1448,663,CHEQUING,36297
1449,583,CHEQUING,35496
1450,746,CHEQUING,4144
1451,647,SAVINGS,16976
1452,811,SAVINGS,10271
1453,527,CHEQUING,48096
1454,631,SAVINGS,43075
1455,938,CHEQUING,48253
1456,80,CHEQUING,26771
1457,528,CHEQUING,46050
1458,331,CHEQUING,45451
1459,642,CHEQUING,27475
1460,171,CHEQUING,43361
1461,284,SAVINGS,22255
1462,819,CHEQUING,20397
1463,267,SAVINGS,16363
1464,688,CHEQUING,48642
1465,362,SAVINGS,13436
1466,549,CHEQUING,250
1467,351,SAVINGS,27914
1468,161,SAVINGS,19427
1469,299,CHEQUING,15360
1470,259,SAVINGS,32038
1471,823,SAVINGS,6255
1472,970,SAVINGS,46338
1473,111,SAVINGS,19944
1474,201,SAVINGS,26871
1475,954,CHEQUING,182
1476,152,SAVINGS,8602
1477,491,SAVINGS,31265
1478,496,SAVINGS,27984
1479,173,SAVINGS,5218
1480,681,SAVINGS,44938
1481,435,SAVINGS,49789
1482,9,CHEQUING,39224
1483,897,SAVINGS,43129
1484,836,SAVINGS,2670
1485,731,SAVINGS,34865
1486,187,CHEQUING,16009
1487,588,SAVINGS,47923
1488,784,CHEQUING,22104
1489,883,CHEQUING,10321
1490,11,SAVINGS,903
1491,3,CHEQUING,42239
1492,768,SAVINGS,38935
1493,379,CHEQUING,6513
1494,761,SAVINGS,2459
1495,732,CHEQUING,38261
1496,460,SAVINGS,13545
1497,260,SAVINGS,12190
1498,120,CHEQUING,6690
1499,808,SAVINGS,15022
1500,911,CHEQUING,19671
1501,622,CHEQUING,49460
1502,89,CHEQUING,33436
1503,717,CHEQUING,20326
1504,333,SAVINGS,12034
1505,5,CHEQUING,17949
1506,13,SAVINGS,41914
1507,343,SAVINGS,49798
1508,369,SAVINGS,11472
1509,157,SAVINGS,17230
1510,23,SAVINGS,7243
1511,432,CHEQUING,38100
1512,87,CHEQUING,24299
1513,909,SAVINGS,37920
1514,594,SAVINGS,29420
1515,646,CHEQUING,43392
1516,687,SAVINGS,1146
1517,743,SAVINGS,41854
1518,21,SAVINGS,26382
1519,178,CHEQUING,44998
1520,773,SAVINGS,16321
1521,477,CHEQUING,39302
1522,379,CHEQUING,28408
1523,659,SAVINGS,20736
1524,318,CHEQUING,37239
1525,574,SAVINGS,48096
1526,10,SAVINGS,1585
1527,985,CHEQUING,29734
1528,409,CHEQUING,19802
1529,484,SAVINGS,9178
1530,129,SAVINGS,34187
1531,982,SAVINGS,28204
1532,306,CHEQUING,38046
1533,343,CHEQUING,14606
1534,641,SAVINGS,32999
1535,801,SAVINGS,35144
1536,541,SAVINGS,5666
1537,734,CHEQUING,4413
1538,583,SAVINGS,21147
1539,647,CHEQUING,25588
1540,942,CHEQUING,745
1541,237,SAVINGS,32208
1542,988,SAVINGS,34219
1543,164,SAVINGS,3123
1544,972,CHEQUING,45619
1545,446,CHEQUING,19351
1546,521,CHEQUING,48998
1547,763,SAVINGS,36095
1548,398,SAVINGS,2725
1549,515,SAVINGS,862
1550,207,SAVINGS,25825
1551,794,SAVINGS,29352
1552,873,SAVINGS,25700
1553,592,SAVINGS,41958
1554,572,CHEQUING,28932
1555,248,SAVINGS,39756
1556,693,CHEQUING,9348
1557,107,CHEQUING,23878
1558,312,SAVINGS,30660
1559,166,SAVINGS,26284
1560,464,SAVINGS,25288
1561,301,SAVINGS,11964
1562,211,SAVINGS,7516
1563,369,CHEQUING,19485
1564,429,SAVINGS,6041
1565,125,CHEQUING,33166
1566,499,CHEQUING,9171
1567,424,SAVINGS,37015
1568,420,SAVINGS,45462
1569,513,CHEQUING,23611
1570,112,SAVINGS,39640
1571,327,SAVINGS,37752
1572,473,CHEQUING,28993
1573,371,CHEQUING,10380
1574,373,CHEQUING,49068
1575,434,SAVINGS,8809
1576,572,CHEQUING,25367
1577,726,SAVINGS,10174
1578,88,CHEQUING,15095
1579,755,SAVINGS,20206
1580,529,CHEQUING,48189
1581,124,SAVINGS,6621
1582,271,SAVINGS,36289
1583,627,SAVINGS,45693
1584,266,SAVINGS,13484
1585,201,SAVINGS,38045
1586,582,CHEQUING,29892
1587,118,SAVINGS,35524
1588,387,CHEQUING,44372
1589,815,SAVINGS,34114
1590,298,CHEQUING,39741
1591,644,SAVINGS,29018
1592,6,CHEQUING,17144
1593,346,SAVINGS,7388
1594,513,CHEQUING,19889
1595,271,SAVINGS,11355
1596,375,CHEQUING,811
1597,607,CHEQUING,37459
1598,351,SAVINGS,15740
1599,83,CHEQUING,12111
1600,975,CHEQUING,29838
1601,937,CHEQUING,10593
1602,922,CHEQUING,12895
1603,717,SAVINGS,1614
1604,478,CHEQUING,42495
1605,273,CHEQUING,11242
1606,685,SAVINGS,15343
1607,695,SAVINGS,31719
1608,782,SAVINGS,3450
1609,684,SAVINGS,9535
1610,479,CHEQUING,10521
1611,285,CHEQUING,23604
1612,961,CHEQUING,16720
1613,306,CHEQUING,8918
1614,893,CHEQUING,5866
1615,735,CHEQUING,4306
1616,964,CHEQUING,24784
1617,423,CHEQUING,37349
1618,520,SAVINGS,46281
1619,108,CHEQUING,49343
1620,477,CHEQUING,6532
1621,681,CHEQUING,5169
1622,804,CHEQUING,18562
1623,939,SAVINGS,35659
1624,565,SAVINGS,29190
1625,675,SAVINGS,2639
1626,430,SAVINGS,14800
1627,266,CHEQUING,32021
1628,167,SAVINGS,27753
1629,672,CHEQUING,8349
1630,977,CHEQUING,34396
1631,354,SAVINGS,13347
1632,936,CHEQUING,16903
1633,286,SAVINGS,32014
1634,93,SAVINGS,32485
1635,576,CHEQUING,41399
1636,671,SAVINGS,40204
1637,339,CHEQUING,23532
1638,316,SAVINGS,416
1639,639,CHEQUING,16486
1640,215,CHEQUING,5584
1641,379,CHEQUING,15331
1642,446,SAVINGS,14390
1643,106,CHEQUING,31935
1644,114,SAVINGS,20703
1645,526,CHEQUING,36701
1646,868,CHEQUING,39243
1647,377,CHEQUING,43698
1648,26,SAVINGS,38906
1649,187,SAVINGS,30572
1650,501,CHEQUING,32495
1651,460,CHEQUING,49867
1652,463,CHEQUING,45675
1653,499,SAVINGS,25540
1654,870,SAVINGS,31291
1655,101,CHEQUING,42493
1656,674,SAVINGS,6146
1657,529,CHEQUING,24082
1658,212,CHEQUING,2037
1659,512,SAVINGS,20956
1660,181,SAVINGS,31325
1661,928,CHEQUING,20028
1662,458,CHEQUING,21178
1663,66,SAVINGS,34649
1664,75,CHEQUING,42601
1665,472,SAVINGS,15612
1666,383,SAVINGS,14860
1667,195,CHEQUING,12497
1668,6,CHEQUING,23562
1669,478,CHEQUING,17425
1670,981,CHEQUING,2871
1671,837,CHEQUING,37371
1672,446,SAVINGS,25144
1673,241,CHEQUING,23444
1674,149,CHEQUING,15586
1675,665,SAVINGS,4204
1676,493,SAVINGS,32032
1677,481,SAVINGS,38161
1678,977,SAVINGS,28542
1679,419,CHEQUING,156
1680,871,CHEQUING,48619
1681,580,CHEQUING,15807
1682,932,SAVINGS,8057
1683,91,SAVINGS,44719
1684,64,SAVINGS,3390
1685,639,CHEQUING,16845
1686,401,CHEQUING,39165
1687,716,SAVINGS,33787
1688,100,CHEQUING,36393
1689,772,CHEQUING,25115
1690,479,SAVINGS,48561
1691,36,CHEQUING,41246
1692,402,SAVINGS,37536
1693,519,SAVINGS,26954
1694,546,CHEQUING,34062
1695,921,CHEQUING,19938
1696,527,CHEQUING,49833
1697,887,CHEQUING,22613
1698,951,SAVINGS,11885
1699,582,SAVINGS,28086
1700,328,CHEQUING,1168
1701,739,SAVINGS,29667
1702,517,SAVINGS,3123
1703,190,SAVINGS,28722
1704,118,SAVINGS,27741
1705,673,CHEQUING,9997
1706,468,SAVINGS,3416
1707,253,CHEQUING,48234
1708,499,CHEQUING,33790
1709,25,CHEQUING,17383
1710,554,SAVINGS,1720
1711,737,SAVINGS,43266
1712,275,CHEQUING,22417
1713,70,SAVINGS,47057
1714,900,SAVINGS,12634
1715,907,SAVINGS,4457
1716,243,SAVINGS,46024
1717,376,CHEQUING,12751
1718,869,SAVINGS,46285
1719,221,CHEQUING,29692
1720,385,SAVINGS,27473
1721,546,CHEQUING,27383
1722,697,SAVINGS,1463
1723,834,CHEQUING,37403
1724,635,CHEQUING,40812
1725,996,SAVINGS,22908
1726,699,SAVINGS,9509
1727,527,SAVINGS,12502
1728,260,SAVINGS,11276
1729,159,SAVINGS,41021
1730,207,CHEQUING,20879
1731,787,CHEQUING,41358
1732,288,CHEQUING,40697
1733,934,SAVINGS,45617
1734,679,SAVINGS,17207
1735,424,SAVINGS,39841
1736,271,CHEQUING,30764
1737,507,CHEQUING,13728
1738,439,CHEQUING,18325
1739,720,SAVINGS,18050
1740,477,CHEQUING,2382
1741,825,SAVINGS,26703
1742,277,SAVINGS,13497
1743,493,CHEQUING,27172
1744,945,SAVINGS,37434
1745,211,CHEQUING,8756
1746,908,CHEQUING,49611
1747,914,SAVINGS,14222
1748,765,CHEQUING,32931
1749,810,CHEQUING,49983
1750,820,SAVINGS,34870
1751,573,SAVINGS,18250
1752,73,SAVINGS,35564
1753,233,SAVINGS,45036
1754,134,SAVINGS,43739
1755,343,CHEQUING,17495
1756,530,SAVINGS,46276
1757,623,SAVINGS,36668
1758,760,CHEQUING,26659
1759,896,SAVINGS,5020
1760,140,SAVINGS,24343
1761,417,CHEQUING,5445
1762,686,SAVINGS,45030
1763,266,SAVINGS,2498
1764,740,SAVINGS,23863
1765,823,CHEQUING,4385
1766,257,CHEQUING,43187
1767,366,CHEQUING,16680
1768,500,CHEQUING,8261
1769,74,SAVINGS,3878
1770,45,SAVINGS,41717
1771,848,SAVINGS,42895
1772,68,CHEQUING,41424
1773,745,SAVINGS,28910
1774,646,SAVINGS,10855
1775,430,SAVINGS,19621
1776,772,SAVINGS,16024
1777,937,CHEQUING,14359
1778,165,SAVINGS,39930
1779,230,SAVINGS,45226
1780,599,CHEQUING,40371
1781,79,SAVINGS,601
1782,972,SAVINGS,33160
1783,71,SAVINGS,28673
1784,80,CHEQUING,12305
1785,658,SAVINGS,23002
1786,771,SAVINGS,30459
1787,653,CHEQUING,46654
1788,748,SAVINGS,15996
1789,764,SAVINGS,1063
1790,821,CHEQUING,23219
1791,593,CHEQUING,39321
1792,268,SAVINGS,894
1793,847,CHEQUING,43815
1794,290,CHEQUING,36021
1795,17,CHEQUING,14376
1796,887,SAVINGS,44690
1797,511,CHEQUING,38372
1798,943,SAVINGS,2118
1799,91,CHEQUING,34652
1800,751,SAVINGS,26418
1801,343,CHEQUING,11324
1802,764,CHEQUING,20715
1803,539,CHEQUING,140
1804,277,CHEQUING,41883
1805,820,CHEQUING,2688
1806,773,SAVINGS,3210
1807,564,CHEQUING,13564
1808,845,CHEQUING,19620
1809,898,SAVINGS,14872
1810,540,SAVINGS,38354
1811,174,SAVINGS,33419
1812,553,SAVINGS,39611
1813,112,SAVINGS,22544
1814,934,CHEQUING,5494
1815,792,SAVINGS,14230
1816,907,CHEQUING,26647
1817,354,CHEQUING,8411
1818,780,SAVINGS,23565
1819,231,CHEQUING,41752
1820,400,CHEQUING,3854
1821,826,CHEQUING,12994
1822,732,CHEQUING,25351
1823,244,SAVINGS,10265
1824,976,CHEQUING,11699
1825,602,SAVINGS,35651
1826,299,CHEQUING,31459
1827,369,SAVINGS,49637
1828,567,CHEQUING,10409
1829,702,SAVINGS,34934
1830,765,CHEQUING,38245
1831,136,CHEQUING,34822
1832,28,CHEQUING,48809
1833,57,CHEQUING,2591
1834,508,CHEQUING,37453
1835,480,CHEQUING,39887
1836,407,CHEQUING,39852
1837,584,CHEQUING,37260
1838,785,SAVINGS,22351
1839,133,CHEQUING,22955
1840,451,SAVINGS,24607
1841,862,CHEQUING,801
1842,564,CHEQUING,8085
1843,184,CHEQUING,18747
1844,437,SAVINGS,7072
1845,780,CHEQUING,49507
1846,854,SAVINGS,14597
1847,918,SAVINGS,44119
1848,361,SAVINGS,33382
1849,311,SAVINGS,1404
1850,209,SAVINGS,38402
1851,881,CHEQUING,10238
1852,267,SAVINGS,14472
1853,972,SAVINGS,25995
1854,319,CHEQUING,7404
1855,931,SAVINGS,5739
1856,231,CHEQUING,10523
1857,426,CHEQUING,26894
1858,451,CHEQUING,33926
1859,508,SAVINGS,24873
1860,239,CHEQUING,1772
1861,997,CHEQUING,9495
1862,12,SAVINGS,14653
1863,26,SAVINGS,27016
1864,926,SAVINGS,9715
1865,414,SAVINGS,13239
1866,509,SAVINGS,39070
1867,737,CHEQUING,43975
1868,870,SAVINGS,35042
1869,624,CHEQUING,25742
1870,364,SAVINGS,46626
1871,61,SAVINGS,35109
1872,549,SAVINGS,25321
1873,164,CHEQUING,48694
1874,624,SAVINGS,10381
1875,659,CHEQUING,33083
1876,563,SAVINGS,1366
1877,979,CHEQUING,48019
1878,692,SAVINGS,35790
1879,958,SAVINGS,46433
1880,923,CHEQUING,11364
1881,307,CHEQUING,11540
1882,439,SAVINGS,26153
1883,254,SAVINGS,26170
1884,395,SAVINGS,4687
1885,610,CHEQUING,24271
1886,774,SAVINGS,15253
1887,334,CHEQUING,25372
1888,727,CHEQUING,35919
1889,831,SAVINGS,30870
1890,334,CHEQUING,45540
1891,912,SAVINGS,15576
1892,918,CHEQUING,3757
1893,405,CHEQUING,45409
1894,218,SAVINGS,16240
1895,549,SAVINGS,25401
1896,93,SAVINGS,11996
1897,825,CHEQUING,49407
1898,628,CHEQUING,33742
1899,517,SAVINGS,44911
1900,227,SAVINGS,13242
1901,109,CHEQUING,35108
1902,626,SAVINGS,48178
1903,639,CHEQUING,25238
1904,706,SAVINGS,19004
1905,200,CHEQUING,28931
1906,171,CHEQUING,30038
1907,259,CHEQUING,4527
1908,195,SAVINGS,28496
1909,336,SAVINGS,2599
1910,905,CHEQUING,21511
1911,941,CHEQUING,22508
1912,136,SAVINGS,25109
1913,737,SAVINGS,24054
1914,87,SAVINGS,12545
1915,986,CHEQUING,24310
1916,841,CHEQUING,24401
1917,991,CHEQUING,15195
1918,470,SAVINGS,28017
1919,732,CHEQUING,13521
1920,776,SAVINGS,45862
1921,151,CHEQUING,40105
1922,823,SAVINGS,46292
1923,46,SAVINGS,37210
1924,577,CHEQUING,4386
1925,580,CHEQUING,7176
1926,540,SAVINGS,35450
1927,711,CHEQUING,1578
1928,982,CHEQUING,48129
1929,541,CHEQUING,670
1930,267,SAVINGS,19692
1931,963,CHEQUING,32822
1932,247,SAVINGS,11337
1933,684,CHEQUING,36690
1934,371,CHEQUING,32284
1935,987,SAVINGS,31051
1936,601,CHEQUING,11766
1937,875,CHEQUING,27115
1938,10,SAVINGS,24678
1939,545,CHEQUING,19714
1940,579,SAVINGS,5622
1941,219,SAVINGS,14413
1942,379,SAVINGS,28904
1943,832,CHEQUING,1544
1944,406,CHEQUING,9847
1945,773,CHEQUING,34459
1946,553,SAVINGS,48740
1947,714,SAVINGS,24593
1948,861,CHEQUING,10232
1949,927,CHEQUING,44333
1950,693,SAVINGS,5214
1951,359,CHEQUING,22500
1952,106,SAVINGS,25654
1953,963,SAVINGS,24347
1954,373,SAVINGS,35456
1955,904,CHEQUING,22190
1956,470,SAVINGS,15108
1957,838,SAVINGS,34651
1958,723,CHEQUING,40880
1959,547,CHEQUING,45379
1960,149,SAVINGS,6783
1961,828,SAVINGS,7108
1962,179,CHEQUING,42099
1963,752,CHEQUING,20920
1964,881,SAVINGS,23125
1965,1,CHEQUING,21868
1966,810,CHEQUING,38482
1967,157,CHEQUING,14337
1968,304,SAVINGS,33212
1969,817,SAVINGS,42755
1970,642,CHEQUING,39888
1971,943,SAVINGS,41238
1972,247,CHEQUING,31877
1973,685,CHEQUING,6550
1974,920,CHEQUING,32838
1975,975,CHEQUING,48096
1976,464,SAVINGS,10151
1977,159,CHEQUING,12158
1978,834,SAVINGS,48785
1979,84,CHEQUING,11496
1980,680,SAVINGS,44402
1981,794,CHEQUING,14644
1982,240,CHEQUING,31220
1983,700,CHEQUING,13709
1984,817,SAVINGS,8231
1985,37,SAVINGS,36903
1986,189,CHEQUING,4165
1987,543,SAVINGS,30931
1988,201,SAVINGS,49049
1989,415,SAVINGS,29802
1990,488,SAVINGS,48025
1991,2,CHEQUING,31619
1992,621,SAVINGS,11998
1993,517,SAVINGS,17355
1994,322,CHEQUING,42356
1995,90,CHEQUING,25253
1996,896,SAVINGS,11035
1997,919,CHEQUING,37231
1998,133,SAVINGS,33026
1999,796,CHEQUING,45469
2000,990,SAVINGS,25483
