customer_id,name,age,city
1,Debbie Smith,19,South Melissahaven
2,Hannah Rodriguez,75,Port Amandaside
3,Justin Mejia,63,Joshuaport
4,Isaac Brown,68,New Rachel
5,Rhonda Jefferson,24,East Elizabeth
6,Julia Suarez,70,Port Randy
7,Andrew Wiggins,40,West Elizabethville
8,Jose Richardson,72,Johnsonmouth
9,Stephanie Nguyen,21,Cliffordhaven
10,Ashley Luna,38,Ryanborough
11,Emily Joyce,41,Evanshaven
12,Dennis Fischer,41,North Deborahville
13,Eric Hall,36,Port Mario
14,Brian Wright,45,North Morgan
15,Charles Powell,30,Grantbury
16,Andrew Perez,51,East Michele
17,Jennifer Sullivan,73,Nelsontown
18,Laurie Soto,66,Jonathanville
19,Stephen Costa,27,Lisahaven
20,Kelli Mason,62,Lake Michaelside
21,Donna Maddox,63,South Leslietown
22,Joshua Kennedy,64,Gonzalezside
23,Stacy Holloway,44,North Anthony
24,Eugene Turner,69,North Gabriel
25,Susan Wyatt,62,Scottview
26,Denise Franklin,39,Alexandermouth
27,Mary Turner,72,East Regina
28,Paul Harris,70,Andreaberg
29,Jennifer Collins,29,Lake Danielleland
30,Christopher Johnson,48,Port Heathershire
31,Scott Mitchell,49,Wongburgh
32,Teresa Gonzalez,34,Romerofort
33,Ryan Luna,28,North Jennifer
34,Richard Hall,56,New Amy
35,Mr. Micheal Hunter,19,Charlesfurt
36,Kim Thompson,33,North Shannon
37,Jason Patterson,49,Prattstad
38,Vanessa Mejia,60,South Nicolehaven
39,Nicole Wheeler,63,Lake Brady
40,Tyler Cooper,71,East Derrick
41,Steven Jackson,27,West Vincentfurt
42,Christopher Dougherty,71,Roystad
43,Mr. Michael Rodriguez,74,North Jillian
44,Nancy Atkinson,29,New Andrew
45,John Ayala,25,North Candace
46,Tammy Moreno,79,East Williamville
47,Judy Chavez,54,South Jay
48,Jacqueline Marquez,76,Johnsonport
49,Kelsey Green,49,East Shannon
50,Kimberly Shaffer,20,Lake Michelle
51,Haley Craig,49,Luisside
52,Thomas Hernandez,56,South Cody
53,Henry Hernandez,32,Jenniferville
54,Colleen Burton,74,Port Shanefurt
55,Beth Mckenzie,52,West Matthewhaven
56,Katrina Mclean,52,Lake Robert
57,Richard Massey,53,Anthonyborough
58,Ronald Williams,77,South Austin
59,Marcia Graham,20,North Derek
60,Michelle Bell,37,North Edwin
61,Robert Brown,55,New Erintown
62,Jesus Wilson,57,Ronaldton
63,Robert Evans,79,Howeborough
64,Joel Sanchez,48,Christopherfort
65,Shannon Walker,72,West Erica
66,Courtney Wright,69,Zacharyborough
67,Kristin Shaw,75,Lopezland
68,Christopher Ramos,41,Stephensfurt
69,Jacob Harris,77,New Joshuahaven
70,Megan Rojas,45,New Nicholasside
71,Brittany Fritz,47,East Amandaview
72,Olivia Carrillo,50,Rachelshire
73,Miranda Bailey DVM,21,Ayerschester
74,Mason Burton,64,Valenzuelaview
75,Joshua Montoya,76,Port Todd
76,Robert Acosta,44,East Patriciaville
77,Kevin Thompson,53,South Ericmouth
78,Hunter Snow,41,Randyview
79,Caitlin Spencer,38,East Maria
80,Theresa Sweeney,27,Owenmouth
81,Nicole Riley,18,Leonton
82,Kristin Miller,41,Jamesside
83,Melinda Daniels,20,Spencertown
84,Richard Adams,75,Acostachester
85,Vicki Thompson,55,Vegafurt
86,William Hill,71,West Paul
87,Drew Hamilton,71,Christopherbury
88,Chelsea Mcfarland,66,Morganhaven
89,John Edwards,41,South Joseph
90,Brent Blair,78,South Ashley
91,Anthony Harrell,76,Sheriberg
92,Luke Espinoza,28,West Richard
93,Mary Thomas,65,Lake Kevinside
94,Crystal Palmer,66,Harveymouth
95,Miguel Powers,76,Jacobbury
96,Rachel Stewart,61,Padillafort
97,Karl Clark,75,Marymouth
98,Henry Mason,64,South Ashley
99,Ernest Ortiz,57,North Maryshire
100,Charles Garcia,69,Mayerbury
101,Angel Baker,34,Lewistown
102,Jason White,39,Michaelberg
103,Michael Gray,22,New Brendaburgh
104,Melissa Perez,46,Michaelatown
105,Cynthia Watson,37,Stevenborough
106,Amy Mccarthy,74,Edwardburgh
107,Michael Ferrell,59,Brittanyview
108,Jessica Duke,24,East Alexander
109,Deborah Simpson MD,43,Lake Veronicafurt
110,Donald Williams,75,Julieside
111,Shannon Mendoza,80,Maryton
112,Amber Estrada,53,Raybury
113,Steven Hanna,22,Donaldmouth
114,Kathryn Weber,64,Fisherberg
115,Nancy Miller,62,Singletonfurt
116,Luis Gould,27,Lake Lisabury
117,Thomas Hardin,71,Robertschester
118,Nathan Myers,26,Port Joseph
119,Timothy Flynn,78,Marshbury
120,Kelsey David,65,Amberview
121,Samuel Swanson,80,Leahborough
122,Melissa Haas DVM,31,South Christineview
123,Benjamin Jenkins,28,Melendezfurt
124,Lori Armstrong DDS,69,New Janet
125,Thomas Ray,57,Alisonmouth
126,Trevor Arnold,74,West Michelleside
127,Michael Jones,48,New Kristinbury
128,Steven Freeman,41,Lake Jessicastad
129,Ashley Williams,38,Lake Justinville
130,Rick Griffin DVM,60,Robertmouth
131,Mandy Hickman,38,Youngland
132,Ryan Scott,51,Port Maurice
133,Daniel Mcknight,20,New Penny
134,Alan Robinson,30,Lake Pennyview
135,Joseph Baxter,25,North Michelle
136,Kendra Taylor,25,Carsonshire
137,Susan Oconnell,61,Amandaport
138,Daniel Oconnor,62,Kathrynville
139,Evan Kramer,43,Lake Sylvia
140,Sara Hernandez,70,Port Kennethfurt
141,Richard Bright,68,Wernerland
142,Joanne Smith,24,Port Amymouth
143,Christian Wilson,80,Josephberg
144,John Allen,75,Lake John
145,Christopher Obrien,66,East Edward
146,Robin Austin,54,East Adrian
147,Frank Garcia,72,Katherineside
148,Brandon Mason,38,Taylorbury
149,Andrew Thomas,62,New Georgeburgh
150,Daniel Fletcher,26,Lindseyfort
151,Deanna Mccormick,33,South Michaelbury
152,Heather Brown,37,Port Erik
153,Brandon Cruz,42,Rogersbury
154,Donna Davis,65,Mckayfort
155,Michael Campbell,44,Hurleyfurt
156,Lisa Thompson,27,East Bradley
157,Eric Berg Jr.,78,East Sandraville
158,Jennifer Scott,38,Hammondburgh
159,Ashley Jackson,27,Port Audreyton
160,Carolyn Bond,18,Thompsonville
161,Jessica Bailey,46,South Brianaton
162,Mark Smith,42,East Victoriafurt
163,Christopher Hoover,78,Thomasborough
164,Joseph Scott,53,Hinesborough
165,Edward Greer,25,New Jennifer
166,Keith Fernandez,49,Raymondmouth
167,Miss Deanna Singleton,75,Amandafurt
168,Eric Kirk,58,West Cynthia
169,Justin Martinez,30,Williamton
170,Jessica Smith,45,New Scottville
171,Mark Ryan,69,Port David
172,Victor Nguyen,72,Port Casey
173,Dr. James Smith,19,Stonestad
174,Natalie Jones PhD,66,Robinsonberg
175,Nancy Patterson,27,New Eric
176,Stacy Navarro,18,Port Tylertown
177,Kristen Odonnell,66,Debraland
178,Julie Villegas,50,East Paul
179,Kyle Bass,21,North Ashleyshire
180,John Mcdonald,65,North Stanley
181,Jason Hill,37,North Nataliemouth
182,Jeffrey Stephens,49,North Cassandra
183,Jeanne Wang,37,Lake Benjamin
184,Nancy Flynn,38,Stevenberg
185,Christopher Perez,62,Melissaview
186,Daniel Osborn,29,North Erin
187,Nancy Washington,20,Thomasmouth
188,Lorraine Walker,57,Mcleanchester
189,Cynthia Holmes,22,Robertland
190,Larry Glover,51,North Olivialand
191,Benjamin Erickson,46,Bradleyborough
192,Jonathan Wilson,70,Lake Rebeccaborough
193,Cathy Conley,20,Andersonmouth
194,Elizabeth Carter,71,Cruzbury
195,Nicole Morrow,66,Williamsfurt
196,Christine Gibson,75,North Spencer
197,Brenda Castro,61,Dawnmouth
198,Anthony Goodwin,22,Heatherchester
199,Frances Turner,64,New Ryan
200,Hannah Hines,19,Joshuachester
201,Mark Craig,77,Elizabethville
202,Alicia Adkins,33,Lake Deborahtown
203,Caleb Marquez,20,Brianborough
204,Daniel Rangel,48,Lake Christopher
205,Philip Brown,79,South Debramouth
206,Ryan Kelly,65,Lake Mike
207,Joshua Medina,29,South Cynthia
208,Mary Swanson,70,Port David
209,Mr. Reginald Joseph,61,Jerryberg
210,Ronald Brown,61,Heatherport
211,Mrs. Tara Meyer,55,Lake Keith
212,Jill Smith,79,West Jeff
213,Jeanne Nelson,76,North Elizabeth
214,Steven Wright,77,North Larry
215,Rebecca Young MD,79,Millshaven
216,Elizabeth Ray,35,South Spencermouth
217,Daniel Collins,44,New Ashley
218,Michael Vasquez,41,Samanthashire
219,Sherri Hernandez,76,East Paulville
220,Travis Rose,64,West Keithborough
221,James Moreno,23,Danielmouth
222,Theresa Welch,49,Douglasbury
223,Aaron Thompson,61,Marychester
224,Todd Schneider,24,New Jessica
225,Christina Hebert,59,Juliaborough
226,Shawn Morgan,62,West Lisa
227,Mary Thompson,68,South Rogerside
228,Ashley Wheeler,23,Matthewton
229,Denise Li,28,Richardstad
230,Zachary Brown,67,Jillianville
231,Clifford Smith,66,West Elizabeth
232,Michelle Mccoy,35,Connieburgh
233,Amanda Gates,48,Lindamouth
234,David Fuller,42,Phillipshaven
235,Emily Bonilla,80,Lake Ashleyport
236,Michael Walker,77,New Jamesside
237,Courtney Best,32,Richardschester
238,Michelle Waller,37,Reginamouth
239,Carly Robbins,62,Danielletown
240,Noah Green,26,Kristinaland
241,Michael Palmer,60,South Jeffreyton
242,Joshua Cox,45,New James
243,Matthew Holt,74,Loriborough
244,Jennifer Chaney,61,New Nataliebury
245,Kimberly Pittman,45,Emilyfurt
246,Victoria Chan,63,Kimberlyton
247,Nicholas Parsons,63,New Laurieport
248,Anna Brown,70,Susanborough
249,Jason Franklin,47,Anthonychester
250,Timothy Williams,59,West Jessicaberg
251,Timothy Daniels,69,Lake Jorge
252,Andrea Smith,25,West Teresachester
253,Keith Reid,22,South Kristen
254,Jennifer Miller,35,West Gary
255,Robin Soto,55,West Daleport
256,Laura Garcia,18,Millerbury
257,Joshua Williams,41,North Elijahfurt
258,Joseph Estes,80,Lake Howardborough
259,Paul Elliott,76,West Tina
260,Krystal Mendez,31,Parsonsville
261,Erika Hudson,71,Port Derek
262,Tamara Taylor,32,Jenkinsmouth
263,Autumn Atkinson,66,New Matthewtown
264,Claudia Kirby,62,North Donnastad
265,Cindy Peterson,58,Lake Kathrynview
266,David Garcia,78,Longtown
267,Stephanie Roach DVM,38,Murraybury
268,Lindsay Welch,47,East Cynthia
269,Bobby Maynard,45,Bethanychester
270,Joyce Smith,71,East Tanner
271,Taylor Thomas,34,Bennettberg
272,Taylor Cruz,62,South Derekstad
273,Jeremy Jordan DDS,35,South Sethburgh
274,Timothy Duncan,73,Michaelland
275,Daniel Curry,50,Kimton
276,Mark Ferrell,18,Jacksonton
277,Joshua Ballard,52,Lake Kathrynfort
278,Sarah Johnson,78,Richardport
279,Nicole Petersen,59,Joycefort
280,Lisa Bolton,80,West Andrew
281,John Whitney,60,Ellistown
282,Rebecca Sims,74,Samanthastad
283,Lisa Baker,55,Christopherview
284,Roberto Burke,52,Port Danielle
285,Mr. Gary Jackson,80,Franklinland
286,Lorraine Gordon,59,East Dean
287,Daniel Young,70,East Ericachester
288,Ronald Henson,50,West Alyssabury
289,Matthew Lowe,50,Lake Karenberg
290,Richard Mueller,74,Danielville
291,Kelly Smith,39,Jacobberg
292,Alyssa Clark,55,Lake Jennifer
293,Kristina Powell,73,West Teresa
294,Adrian Smith,78,Lake Carlosmouth
295,Marcia Richards,18,Watsonmouth
296,Katie Cruz,41,Walterston
297,Kathleen Jimenez,62,Thomasfurt
298,Paul Harrison,34,East Susanburgh
299,John Fields,40,Maxwellshire
300,Veronica Rogers,18,Burnettview
301,Matthew Greene,52,Lake Peggy
302,Brian Lee MD,42,South Ericview
303,Bruce Lyons,46,South Daniel
304,Preston Welch,63,North Melissa
305,Veronica Hill,58,Reginaldhaven
306,Shannon Johnson,28,West Kyle
307,Todd Nguyen MD,22,Rebeccaside
308,Jennifer Brown,46,Solisfort
309,Brianna Bond,80,New Jennifer
310,Kathryn Wise,70,East Bradley
311,David Curtis,73,Jerryville
312,Thomas Jackson,29,Mccarthyport
313,Kathleen Hernandez,73,Nashfurt
314,Sandy Simmons,54,Chavezhaven
315,Joann Carey,66,Lake Annfurt
316,Christopher Murphy,50,Carrollport
317,Erica Cole,54,Harrisonberg
318,Mark Wheeler,79,South John
319,Sarah Williams,45,Williamsfurt
320,Kyle Ross,30,North Emilyborough
321,William Rodriguez,44,Danielbury
322,Carmen Freeman,49,Masonfort
323,Hannah Rodriguez,37,Josephland
324,Stephanie Rodriguez,53,New Dannyview
325,Veronica Best,73,New Justinland
326,William Ayala,70,Brownbury
327,Morgan Pham,50,Terryborough
328,Elizabeth Franklin,65,Jessicachester
329,Tammy Nguyen,73,South Carlland
330,John Hall,40,East Seanfurt
331,Brenda Farrell,52,New Rachelton
332,Shawn Garcia,49,Stacymouth
333,John Cox,51,Port Jeffrey
334,William Stewart,59,South Seanfort
335,Amanda Harris,74,Griffinview
336,Michael Webster,35,New Terriside
337,Linda Bailey MD,39,Summersport
338,Mrs. Rhonda Smith,34,Christopherville
339,Marc Wolfe,37,North Kevinhaven
340,Amy Castro,73,Butlerbury
341,Anna Luna,45,Bellchester
342,Jerry Price,52,East Tinastad
343,Dr. Natasha Shelton,34,New Davidside
344,Rachel Webb,32,South Colinhaven
345,Cynthia Castro,67,Lake Melissa
346,Tina Lindsey,32,Lake Melodyside
347,Kyle Garrett,22,Martinville
348,Alicia Rivera DDS,38,Stephensland
349,Samantha Kemp,51,East Morgan
350,Jordan Hall,74,West Loristad
351,Robert Cook,41,Lyonsmouth
352,Bryce Robertson,57,Lake Alyssa
353,Teresa Sandoval,66,Joshuafort
354,Ross Baker,41,East Rhonda
355,Emily Allen,48,Robertmouth
356,Ian Romero,54,Lake Tara
357,Ann Phillips,19,Adrianaborough
358,Veronica Newton,63,Meltontown
359,Joel Campbell,25,Stephenview
360,David Sanders,78,Brucefurt
361,Gloria Hayden,73,Lake Ericmouth
362,Dustin Hayes,23,Jesusbury
363,Matthew Browning,34,North Reneemouth
364,Justin Gardner,44,Port Alexander
365,Kathy Vasquez,49,East Jeffery
366,Paul Cox,76,Lake Christianport
367,Glenn Cohen,32,Johnville
368,Mary Dominguez,58,Brownville
369,Charles Mills,57,Khanmouth
370,Jerry Gonzales,44,Lake Amy
371,Jane Morales,24,Barajasfort
372,Dustin Castillo,28,South Sonya
373,Frank Hall,77,Michaelburgh
374,Jacob Wright,20,Lake Staceyton
375,Michael Davis,18,New Nicholasshire
376,Summer Taylor,73,North Curtisbury
377,Jermaine Phillips,71,New Elizabeth
378,Karen Robinson,80,Garcialand
379,Wendy Wood,31,Lake Rayton
380,Adam Burns,46,Mccormickview
381,Erika Johnson,73,Kerrystad
382,Lisa West,42,Port Cody
383,Sarah Lopez,56,Coltonland
384,John Mccormick,44,Alvaradotown
385,Craig Ballard,35,Jamesview
386,Scott Bean,26,South Thomastown
387,Andrew Ortiz,53,Lewisstad
388,Logan Mitchell,62,Lake Kayla
389,Jason Walker,25,North Tonyport
390,Angel Lewis,20,South Heather
391,Alexander Brown,45,Hamiltonborough
392,Juan Cowan,31,Karenmouth
393,Jared Christensen,71,Millerchester
394,Dr. Amber Diaz,61,Villatown
395,Jerry Cortez,47,New Loretta
396,Danielle Horne,32,East Stephanie
397,Justin Jones,66,Hamiltonchester
398,Vickie Davis,30,Lake Christine
399,Paul Hardy,70,Hicksport
400,Joseph Conley,55,East Donald
401,Derrick Salazar,69,Charlotteshire
402,Angel Turner,68,New John
403,Brian Ramos,80,Ramirezview
404,Megan Maxwell,23,Johnsonland
405,James Miller,18,Stephanieshire
406,Stephanie Garrett,78,South Alexanderhaven
407,Johnny Carter,40,Carrollstad
408,Cheryl Richardson,51,East Angelaside
409,Jimmy Barrera,73,West Jason
410,Craig Wilson,21,East Kathrynburgh
411,Karen Good,75,Lake Laura
412,Aaron Wheeler,38,Port Curtis
413,John Alvarado,51,West Matthewfort
414,Gina Stewart,24,Salinasbury
415,Erik Adams,74,Port John
416,Matthew Richardson,45,Porterside
417,Kelly Morris,75,New Susan
418,Sarah Clark,56,New Frederickchester
419,Lisa Taylor,30,Hernandezfort
420,Samantha Jackson,75,Melissafurt
421,Mary Lewis,68,Williamsmouth
422,Steven Davila,51,South Tina
423,Rebecca Thompson,44,West Jamie
424,Joel Phelps DDS,48,West Jillside
425,Patrick Butler,59,Port Zacharyburgh
426,Michele Vasquez,73,Lake Melissaburgh
427,James Collins,37,North Alyssa
428,Austin Austin,49,West Kelsey
429,Nancy Moreno,59,Timothyview
430,Sarah Simmons,58,Gabrielfort
431,David Lewis,65,Nelsonmouth
432,Amanda Jones,54,Robertland
433,Diana Robertson,73,Walshview
434,Ms. Sara Johnson,66,Colemouth
435,Christine Smith,58,New Timothyton
436,Mr. Daniel Willis,70,Port Laurie
437,Robin Pearson,30,Smithview
438,Gwendolyn Johnson,76,Annetteburgh
439,Lori Bowman,52,North Kevinshire
440,Michael Fox,23,West Manuelville
441,Nina Whitehead,38,South Kyle
442,Ashley Clark,62,Tammyport
443,Tiffany Montoya,68,East Christopher
444,Darin Fernandez,25,East Karen
445,Julie Norton,56,Friedmanland
446,Lorraine Guzman,45,North Karenfurt
447,Laurie Jacobson,27,East Steven
448,Natalie Kim,44,Port Jeffreymouth
449,Rachel Gomez,63,East Davidbury
450,Christopher Smith,58,Lake Eduardoland
451,Melissa Holt,71,Dylanfort
452,Heather Rivers,25,Charleneton
453,Shirley Crawford,21,West Crystalland
454,Lauren Moreno,47,South Christopher
455,Tiffany Freeman,61,New Donnatown
456,Alec Rosario,55,New Michelemouth
457,Pam Garcia,56,Crawfordchester
458,Robert Middleton,48,Spearsville
459,Erica Moss,74,Elliottmouth
460,Daniel Hill,50,Lisamouth
461,Neil Rowland,72,North Williamshire
462,George Weber,34,New Monica
463,Brenda Cross,47,Suzanneberg
464,Gabrielle Williams,22,South Kathrynmouth
465,James Schmidt,49,Valerieborough
466,Colleen Francis,73,Suzannefort
467,Kelli Floyd,20,Douglasview
468,Sonya Hogan,28,North Sarahhaven
469,Gina Foster,27,Johnsonfurt
470,Katherine Diaz,55,Shaneshire
471,Cassandra Robinson,27,Sarachester
472,Anthony Salas MD,59,East Sandyview
473,Steven Gilbert,44,Toddstad
474,Sherri West,58,Tanyaville
475,Vincent Moore,41,Julieton
476,Mr. Michael Nelson DVM,29,Reneeborough
477,Megan Alvarez,36,Connermouth
478,Matthew Moore,79,Hendersonborough
479,Kimberly Thomas,76,Benjaminburgh
480,Lynn Smith,59,West Cathy
481,Kelly Pham,44,North Sylvia
482,Kimberly Davis,19,Ryanside
483,Dennis White,77,Williamsberg
484,Shelley Reilly,36,West Ryanport
485,Keith James,38,Port Jenniferfurt
486,Frederick Park,56,Lake Jeffreyshire
487,Scott Bryant,46,Robinsontown
488,Daniel White,40,Port Pamelastad
489,Thomas Solomon,62,Joannview
490,Kristen Hill,78,Dillonport
491,Aaron Ferguson,75,East Patriciabury
492,Melanie Smith,50,Martinezmouth
493,Christopher Rodriguez,79,Burketown
494,Jane Gregory,55,Oliverside
495,Christopher Harris,53,Kevinville
496,Kevin King,31,Davisville
497,Matthew Patel,25,Port Jenniferborough
498,Anthony Gentry,51,Russellland
499,Margaret Stevens,20,New Jenniferborough
500,Donna Fox,22,New Mary
501,Ashley Ross,66,Port Dianachester
502,Megan Sherman,27,Parkerfurt
503,Lindsey Smith,71,Wilsontown
504,Cindy Bernard,35,West Jason
505,Teresa Castillo,68,Barkerville
506,Nichole Johnson,34,Coleton
507,Pamela Michael,26,Morganport
508,Patrick Wells,23,South Patriciaport
509,Victor Conley,57,West Dannyport
510,Maria Evans,48,Andersonfort
511,Sierra Wilkerson,30,Feliciaville
512,Regina Simon,35,South Andrewside
513,Richard Benson,64,South Rachelland
514,Jason Smith,66,Edwardsberg
515,Bryan Butler,72,Carlsonhaven
516,Roger Rodriguez,57,Jonathanville
517,Daniel Mata,43,Norrisside
518,Doris Everett,55,East Shirleyshire
519,Stephanie Owens,40,Susanshire
520,Christopher Davis,28,Robinside
521,Kristen Jordan,43,Davidfurt
522,Samuel Matthews,50,North Christopher
523,Cody Lee,38,Brownfort
524,Lisa Mitchell,24,Lyonston
525,Gregory Duran,45,Davisland
526,Mr. Jason Harrison,67,North Nicholasshire
527,Steven Mcclure,37,Masontown
528,Mr. Albert Carroll,68,Port Jill
529,Bethany Bailey,79,New Ashleyland
530,Joshua Landry,25,Vasqueztown
531,Donna Patton,23,East Wesleyshire
532,Keith Solis,71,Rodriguezberg
533,Brandy Alvarez,42,Jenningsfurt
534,Mrs. Michelle Bolton,44,North Christopherport
535,Brian Francis,35,Angelatown
536,John Kirby,56,Brianview
537,Ann Zavala,65,South Brianville
538,Steve Jackson,31,Lake Jodi
539,Amy Caldwell,50,Evansburgh
540,Joshua Mccoy,21,North Natalie
541,John Rivera,24,New Elizabethville
542,Gina Clay,41,East Davidfurt
543,Cristina Bray,53,Bridgetshire
544,Keith Martin,57,Charlesshire
545,Crystal Bright,19,Gordonton
546,Kaitlyn Wilson,80,Lake Robertfurt
547,Sean Lopez,65,Perezmouth
548,Carl Fitzgerald,38,Stewartmouth
549,Chloe Bowen,41,South James
550,Kristina Evans,77,Johnbury
551,Steve Sherman,68,Richardfort
552,Mrs. April Escobar,79,Lake Charlesbury
553,Leslie Wells,50,Port Melissa
554,Brian Carpenter,55,Tanyaton
555,Margaret Crawford,56,Christianshire
556,Annette Dyer,41,North Jenniferbury
557,Margaret Diaz,47,Port Tracy
558,Anthony Torres,31,South Victoria
559,Dustin Garcia,73,New Cassandrashire
560,Erin Knight,54,Matthewborough
561,Karen Howard,28,Lake Tyler
562,Phillip Berry,37,South Kelly
563,Andrea Campbell,35,East Kristenside
564,Shawn Hudson,49,Clarkfort
565,Gwendolyn Mack,33,Marvinview
566,Lauren Bowman DVM,39,New Adrianaside
567,Meghan Reyes,71,West Amyville
568,Andrea Smith,36,Harrisland
569,Susan Sweeney,76,Carriemouth
570,Sarah James,20,West Tamaraview
571,Craig Koch,77,Stephenton
572,Darren Roberts,41,South Robert
573,Mary Ramirez,40,Thomasshire
574,Michelle Osborne,61,Gregorytown
575,Christina Hodges,53,South Rhonda
576,Lee Robertson,54,Barbaraberg
577,Leslie Mccarthy,28,North William
578,Sheri Simpson,60,West Carrieport
579,David Yoder,69,Amandaborough
580,Jared Martin,73,North Rachel
581,Tiffany Nguyen,48,Victoriaberg
582,Gregory Bates,58,Jeremyville
583,Christina Johnson,25,Ericberg
584,Carly Mills,61,Lake Benjamin
585,Bryan Johnson,46,Lisaview
586,Seth Smith,77,North Cindy
587,Nicole Gaines,62,West James
588,Randy Shaw,52,East Omar
589,Lindsey Kelly,74,New Daniel
590,Peter Martin,44,Lake Kaylachester
591,Steven Norris,59,North Danielle
592,Frances Holland,23,Patrickside
593,Jamie Levy,60,Monroeland
594,John Patel,38,Charlesfort
595,Barbara Branch,45,North Cherylmouth
596,Cynthia Lee,40,Nealland
597,Steven Francis,42,Longmouth
598,Garrett Hill,56,South Timothy
599,Mark Deleon,64,Jaimeborough
600,Nicole Green,74,Nelsonville
601,Miguel Wiggins,54,Lake Nicoleton
602,Alexander Mckee,28,North Joshua
603,Joshua Long,53,Coletown
604,Jeffrey Nelson,37,Michelletown
605,Richard Jones,24,West Brianport
606,Mariah Guerra,33,West Leah
607,Jim Pearson,71,North Amy
608,Diamond Dominguez,48,Jimenezview
609,Maria Delgado,61,Santoshaven
610,Jessica Jacobs,57,Jessemouth
611,Sarah Arnold,76,Michaelfort
612,Brian Jones,51,Thompsonport
613,Meghan Eaton,64,South William
614,Lawrence Dixon,31,Rayburgh
615,Nicole Thomas,68,Jonathonfurt
616,Tanya Ellis,37,Christophershire
617,Amy Mercado,50,New Sharonland
618,Stephen Wagner,50,Petersonmouth
619,Elizabeth Norris,43,Joshualand
620,Jacob Simmons,49,Markmouth
621,Evan Glover,50,Paulton
622,Larry Patton,55,West Malloryville
623,Jose Marshall,49,Smithstad
624,John Chandler,65,Staceyhaven
625,Kaitlin Diaz,71,Davidmouth
626,Bruce Sanchez,73,Norrisville
627,Jennifer Rogers,47,Lake Kimberly
628,Cheyenne Evans,57,West Jenna
629,Brittany Taylor,40,North Lauren
630,Kyle Jones,28,Richardberg
631,Dustin Hodge,32,West Tiffany
632,Angela Anderson,77,Valerieville
633,Shelley Gonzalez,68,Wilsonville
634,Aaron Powell,34,Barnettborough
635,Manuel Clark,70,Port Teresa
636,Carla Lewis,73,Millertown
637,Christopher Garcia,67,North Victoria
638,Dr. Kurt Kaufman,73,Sandersfurt
639,Russell Jones,22,Taraborough
640,Sharon Gonzalez,69,Shaneport
641,Amanda Pierce DVM,28,West Edward
642,Krystal Guzman,32,Lake Thomas
643,Jacob Johnson,37,Perkinsview
644,David Walton,77,South Nancy
645,Dustin Ortiz,70,Garciaberg
646,Natasha Pennington,44,Nicholasland
647,Emma Cooper,37,South Bonnietown
648,Mary Ward,32,South Ashley
649,Nicole Knight,46,New Davidburgh
650,Thomas Harris,46,Piercechester
651,John Turner,65,Alexandraland
652,Victoria Stephens,40,Jeffersonview
653,Debra Walker,62,Juarezhaven
654,Carol Parker,32,South Michaelfort
655,Jacqueline Trevino,42,East Wanda
656,Alan Wood,44,East Seanton
657,Carlos Flores,66,Lake Albertshire
658,Timothy Johnson,32,Palmerchester
659,Linda Wilson,57,Josephborough
660,Paula Williams,51,New Michellechester
661,Richard Kramer,47,West Jonathan
662,Felicia Garcia,31,South Christinastad
663,Kelly Morris,57,North Jenniferborough
664,Joshua Leach,28,Sanderston
665,Melissa Yoder,48,Lake Amanda
666,Sheila Tucker,58,Michaelberg
667,William Gonzalez,45,Petersonmouth
668,Jerome Perez,65,Lake Jennifer
669,Shelby Jacobson,18,Jerrytown
670,Ruben Fitzpatrick,53,Millermouth
671,Natalie Thomas,28,New James
672,Christopher Reeves,54,Garnerbury
673,Luke Hernandez,24,Lake Michelleland
674,Brian Hall,75,Williamside
675,Courtney Griffith,20,Oliviaborough
676,Jason Erickson,27,Anitaberg
677,Robert Davis,32,Padillaton
678,Sandra Miller,27,East Reneestad
679,Aaron Stephens,23,Daughertyburgh
680,Erica Flores,38,North Emilyhaven
681,Deborah Castro,74,Crossland
682,Daniel Murphy,62,Chadside
683,Elizabeth Smith,69,Patrickland
684,Susan Davidson,31,South Lori
685,Amanda Schultz,25,Erikafurt
686,Kathryn Ford,60,Christinamouth
687,Jack Fowler,60,New Victoriaborough
688,Charles Lawrence,56,Mooreton
689,Christopher Stevens,66,West Scott
690,Renee Reynolds,49,Pacefurt
691,Tyler Blackwell,73,South Rhonda
692,Lauren Padilla,66,Adamsland
693,Glenn Gibson,49,Stevemouth
694,Paul Smith,26,Port Sandra
695,Tim Wood,66,Wagnerport
696,Jennifer Harris,23,Simonbury
697,Kelli Mueller,74,Masonton
698,Donna Bell,22,Lake Kimberly
699,Karen Ibarra,32,Danielton
700,Daisy Fernandez,28,Warrenport
701,Kristen Proctor,20,North Melissaton
702,Ross Hunt,49,North Daniellefort
703,Jamie Gould DVM,45,South Joseph
704,Matthew Johnson,26,Hinesport
705,Nathan Burns,59,North Kylestad
706,Joshua Ortiz,30,West Kendraton
707,Robin Taylor,64,Terrytown
708,Lisa Salinas,37,Brittanyside
709,Jennifer Johnson,38,Lake Johnport
710,William Griffin,30,Frankstad
711,Louis Rojas,50,Lindaside
712,Stephen Wade,55,Jimenezland
713,Andrew Brown,67,New Thomasstad
714,Nicholas Horn,49,Ruizborough
715,Carrie Phillips,62,Aliciaborough
716,Stephen Mckee,55,Port Lisabury
717,Joel Clark,38,Port Laurenport
718,James Hoffman,27,Hunterbury
719,Seth Jefferson,36,Mullinstown
720,Selena Larsen,56,Brendashire
721,Courtney Robbins,70,Davidfort
722,Tiffany Jordan,78,West Tony
723,Elizabeth Avila,40,Port Sherrytown
724,Patricia Harrell,71,New Rickytown
725,Maria Hill,40,Normanview
726,Erin Dean,59,Flynnfurt
727,Courtney Lang,31,Gabrielfort
728,Alexander Sloan DDS,25,South Luke
729,Jessica Rojas,24,Eugeneside
730,Michael Knight,63,Ryanmouth
731,Steven Parrish DDS,55,Terranceberg
732,Melissa Phillips,57,Port Stephanie
733,Amber Fernandez,58,Cindybury
734,Victor Ferguson,63,Lindseyborough
735,David Hester,38,Wendymouth
736,Danielle Robertson,35,Michaelborough
737,Mrs. Carrie Perez MD,57,North Melissa
738,Kenneth Andrews,37,Spencerberg
739,Aaron Taylor,47,Lindseychester
740,Dr. William Miller,61,North Tammy
741,Alexander Levine,72,North Margaret
742,Angela Manning,41,Briannaton
743,Jerry Kelly,48,Gouldhaven
744,Marvin Smith,79,Millerton
745,Mariah Harris,26,Sullivanview
746,Alex Anderson,52,South Johnbury
747,Angel Larson,62,Port Stephen
748,Denise Chavez,77,Nicolehaven
749,Stephen Ortiz,43,Kevinville
750,David Sanchez,40,Parkerchester
751,Sandra Tucker,25,Patriciaborough
752,Donald Ramos,24,Christopherchester
753,Jordan Jones,31,North Davidburgh
754,Jessica Anderson,79,South Stephaniefurt
755,Marc Jackson,25,Harveymouth
756,Kaitlyn Brady,40,Boydland
757,Timothy Jones,50,Farmerville
758,Mallory Richard,21,Alexandertown
759,Mrs. Erika Peterson MD,45,New William
760,Wesley Bond,54,Stacyport
761,Jeff Browning,54,East Lancefurt
762,Samantha Thomas,67,Adamsfort
763,Jessica Price,29,Jonesport
764,Timothy Trevino,59,New Robertton
765,Craig Petersen,35,Jeremyfort
766,Michael Lee,44,South Tamara
767,Derrick Clark,26,Johnsonview
768,Kelly Williams,28,South Tammy
769,Caleb Saunders,48,North Jessicaport
770,Jeffrey Horton,71,New Kelly
771,Kristin Hardy,34,South Jessica
772,James King,35,Howellton
773,Thomas Cochran,76,Erinbury
774,Victor Jones,59,Lake Catherineville
775,Stephanie Huynh,49,Valenciaview
776,Joseph Cooper,48,Vernonborough
777,Keith Ward,76,Tracieville
778,William Haynes,62,Holmesbury
779,Patrick Turner,79,Port Jessica
780,Brandon Flowers Jr.,61,Wallside
781,Trevor Patterson,48,Oliviabury
782,David Frey DDS,40,Jamesport
783,Jose Miller,78,Lake Chad
784,Jeremy Scott,55,New Marioville
785,Elizabeth Diaz,35,Jamesberg
786,John Tanner,60,Lake Lindseyland
787,Bryce Smith,18,Kimberlyton
788,Douglas Jackson,62,Lake Loritown
789,Jean Hood,76,Rosshaven
790,Barbara Morales,35,Port Tommyburgh
791,Stephanie Best,21,Chandlerside
792,Matthew Rodriguez,44,Stevenberg
793,Melissa Chambers,52,Perryburgh
794,Karen Kent,59,Lake Andrealand
795,Ricky Singh,55,Scottside
796,Jonathan Davis,28,Perezfort
797,Paul Sims,23,East Vanessaborough
798,Cindy Harmon,21,Whiteton
799,Kristin Poole,51,Simonburgh
800,Holly Leblanc,65,South Stephaniefurt
801,Rachael Shaw,22,Port Melanie
802,Richard Soto,56,Port Mirandabury
803,Gabriella Garcia,43,South Sharon
804,Andrew Turner,24,Elliottstad
805,Christian Herrera,31,South Nicholas
806,Scott Lee,52,North Marie
807,Tyler Harrison,44,Griffinmouth
808,Kevin Benson,45,Margaretborough
809,Benjamin Moore,19,East Richardbury
810,Gregory Weeks,55,Simmonsport
811,Denise Moore,57,Port Patricia
812,Jeffrey Gibbs,35,New Courtneyside
813,Gary Lang,58,Parkermouth
814,Edward Morales,76,Lake Benjaminville
815,Anita Baldwin,50,East Cassandra
816,Gregory Salazar,59,Bradshawview
817,Stacy Lewis,55,Lake Jimmymouth
818,Melissa Ferguson,19,South Tracey
819,Carolyn Robertson,59,South Christopherland
820,Brett May,56,Calderonfurt
821,Kenneth Wolfe,35,New Jeremiah
822,Linda Carter,54,Gomezchester
823,Perry Gilmore,67,Carlamouth
824,Katrina Sanchez,74,Lake Christophermouth
825,Carrie Pearson,32,Cameronside
826,Jay Moreno,62,Lake Gary
827,Michelle Kim,28,New Tamara
828,Karen Moody,61,Port Codymouth
829,Valerie Burns,67,West Suzanne
830,Nicole Mcbride,54,Lake Kathleen
831,Aaron Warner,66,Zunigafort
832,Nathaniel James,52,Lake Jamie
833,Richard Avery,58,New Jessica
834,Billy Houston,80,Ethanburgh
835,Edwin Shannon,28,Port Laura
836,Misty Brown,61,Ryanburgh
837,Michelle Spencer,52,Mannhaven
838,Jose Adams,56,Michaelview
839,Matthew Rodriguez,32,New Emilystad
840,Joshua Morris,76,Jenkinsberg
841,Mallory Simpson,21,Justinfurt
842,Hannah Wagner,29,South Anaburgh
843,Jaime Simmons,69,North Anthonyhaven
844,Reginald Murray,66,Bradleystad
845,Amanda Richardson,74,Richardsonside
846,Brenda Hernandez,64,Millerstad
847,Patricia Stewart,53,Barajasburgh
848,Rachel West,30,Moralestown
849,Sarah Silva,68,South Gregoryville
850,Reginald Garcia,43,West Charleshaven
851,Christina Dunn,35,North James
852,Joshua Scott,78,North Lisa
853,Zachary Vazquez,61,Brittanyland
854,Paul Vazquez,47,Lake Cody
855,Laura Adams,72,North Paulfurt
856,Cristian Craig,51,North Kyle
857,Michele Thompson,37,Kellyland
858,Kenneth Hernandez,75,Jasonland
859,David Park,59,North Bradleyport
860,Samuel Moore,56,East Jeffrey
861,Jeremiah Brooks,33,Port Maria
862,Bradley Baker,30,Lake Peterfurt
863,David Alexander,40,Taylorton
864,Brandi Bishop,66,Bondbury
865,Michelle Thomas,61,New Williambury
866,Donald Martinez,68,Donnatown
867,Jason Jacobs,42,Kelleyhaven
868,Jennifer Williams,24,Greenside
869,Ruben Medina,76,Mendozaburgh
870,Jessica Gutierrez,23,East Travismouth
871,Dana Henson,61,Port Brittany
872,Kirsten Reeves,54,Kimberlyside
873,Jesus Lee,35,Christon
874,Cody Rivera,35,Taylorland
875,Nancy Martinez,39,East Jacob
876,Carolyn Hawkins,27,Lake Brent
877,Erin Cooper,61,Christinefurt
878,Travis Moore,37,New Mauriceborough
879,Christina Sampson,29,Lake Nicoleview
880,Sophia Rogers,38,South Jacobberg
881,Mrs. Kimberly Zimmerman,40,Webbstad
882,Jane Sosa,50,Townsendmouth
883,Jennifer Lopez,68,Meganmouth
884,Sean White,31,Davisfort
885,Clinton Marsh,73,Harrismouth
886,Jodi Patton,61,Danielleborough
887,Matthew Kennedy,23,Wrightmouth
888,Cassie Zavala,27,South Mariah
889,Matthew Clark,26,Montgomeryview
890,Joel Sandoval,53,East Melindatown
891,Sarah Cook,59,Joefort
892,Ashley Thomas,49,East Clayton
893,Tammy Russell,65,South Emily
894,Timothy Russell,42,New Michaelton
895,Joseph Baker,42,North Marissaton
896,David Shields,50,Proctorview
897,Jennifer Allen,53,New Kara
898,Chelsea Stone,43,Lake Kimberly
899,Angela Haynes,80,New Anthonyview
900,Elizabeth Lewis,42,Masonside
901,Rebecca Johnson,70,Andersonmouth
902,Evan Dillon,36,Hayesview
903,Jeffrey Tapia,42,Danielshire
904,Jeffrey Brooks,27,Gutierrezfurt
905,Jennifer Bright,30,New Barbarashire
906,Ana Moore,68,Leeborough
907,John Farrell,75,Lake Raymondbury
908,Tina Daniels,56,Lewishaven
909,Timothy Lutz,59,Sarahhaven
910,Michelle Perez,30,Pamelaton
911,Brenda Howard,39,Bennettberg
912,Randall Rose,51,Port Julietown
913,Johnathan Valdez,22,Lake Nathaniel
914,Kenneth Ball MD,65,New Nicholas
915,Vincent Taylor,33,North Leahmouth
916,Alexander Contreras,28,Batesfurt
917,Howard Alvarez,30,Port Jenniferchester
918,Julie Wagner,49,Lake Karla
919,Amanda Carlson,35,Port Bryan
920,Joshua Holland,78,South Davidtown
921,Seth Gardner,30,Robertstad
922,Adrian Mejia,56,Port Sarahburgh
923,Anthony Kelly,62,East Courtney
924,Daniel Ward,49,Erictown
925,Amy Smith,64,North William
926,Deanna Miller,39,New Kevin
927,Leslie Kelly,60,Lake Samantha
928,Peggy Lam,43,Bishopside
929,Christopher Smith,49,Nortonfurt
930,Brian Gonzales,77,Aprilmouth
931,Ashley Dixon,78,Lake Alexandra
932,Maria Brady MD,77,East Annamouth
933,Brian Dominguez,39,Port Justin
934,Brittany George,39,Martinhaven
935,Laura Mason,37,North Colin
936,Julie Hall,28,North Bryan
937,John Johnson,70,West Leonard
938,Cathy Gutierrez,35,Port Josephfort
939,Veronica Rodriguez,71,West Antonioview
940,Duane Mitchell,42,Faulknershire
941,Michelle Price,56,South Jonathanstad
942,Erin Farmer,30,East Jeffreytown
943,Chelsea Callahan,67,West Adam
944,Haley Bishop,46,Port Danielburgh
945,Morgan Farmer,60,New William
946,Chad Thompson,72,East Jasonmouth
947,James Horton,71,West Daniel
948,Suzanne Edwards,55,Port Diane
949,Gregory Fuller,36,Deborahberg
950,Donald Greene,68,Stephenmouth
951,Jenny Newton,27,South Ryan
952,Jennifer Brock,63,Port Jenniferchester
953,Gregory Shah,70,Jimenezfort
954,Maurice Brown,51,West Anthonyfort
955,Vincent Floyd,45,Isaacview
956,Brian Ross,70,Trevinomouth
957,John Payne,70,Donnastad
958,Kimberly Long,73,Jacksonshire
959,Jennifer Meyer,41,North Brian
960,Aaron Bell,72,New Amy
961,Ms. Stephanie Everett PhD,45,Lake Alexander
962,David Morris,18,Blackwelltown
963,Kathryn Wilson,20,Cookland
964,Bradley Smith,80,Frazierville
965,Tyler Gonzalez,46,New Nicholasfort
966,Mary Blake,67,Adrianmouth
967,Cody Clark,78,West Beth
968,Karen Brewer,44,Thompsonburgh
969,Jessica Golden,59,Rodriguezfurt
970,James Cooper,56,West Rachel
971,James Thomas,55,Andrewburgh
972,Jennifer Benjamin,45,Jasonport
973,Dr. Rhonda Anderson,26,Lake David
974,Jeffrey Diaz,19,New Jackville
975,Frances Charles,23,Gabrielmouth
976,Eric Brewer,25,East Virginia
977,Melissa Richardson,57,South Amanda
978,Aaron Galvan,61,New Dennis
979,Michael Humphrey,63,Smithtown
980,Mary Mccarthy,67,Greenville
981,Pamela Taylor,39,Joseshire
982,Yolanda Padilla,63,Vargastown
983,Travis Nolan,62,Samuelstad
984,Andrew Martinez,54,Payneside
985,Alicia Cooper,27,North Geraldburgh
986,Sherry Ramirez,27,East Christina
987,Sophia Gregory,18,Lake Davidview
988,Joseph Pearson,22,West Charles
989,Charles Williams,57,South Daniel
990,Jeremy Morales MD,70,South Darren
991,Jamie Scott,38,Jeanfurt
992,Billy Hobbs,76,Sandraport
993,Nathaniel Weaver,66,East Jessica
994,Christopher Stuart,31,Amyside
995,Kent Gordon,28,Port Susan
996,Mr. Barry Johnson,48,Hamiltonshire
997,Caroline Lawrence,41,Jeffersonborough
998,Heather Mills,43,Josephfurt
999,Dennis Howard,20,Fullershire
1000,Mary Walton,80,Jessicashire
